category,name,price
Флокулянты,Флокулянт Praestol 2530,350
Флокулянты,Флокулянт Superfloc A120PWG,350
Флокулянты,Флокулянт Superfloc A120HMW,350
Флокулянты,Флокулянт Superfloc A120,350
Флокулянты,Флокулянт Superfloc A110PWG,350
Флокулянты,Флокулянт Praestol 2620,350
Флокулянты,Флокулянт Praestol 2540 TR,350
Флокулянты,Флокулянт Superfloc C493P,310
Техническая химия,"Натр Едкий  Очищенный 46% (Сода каустическая, щелочь)",150
Активированные угли,Активированный уголь БАУ-ЛВП ТУ 20.14.72-023-72651045-2017 (для ликероводки,250
Ионообменные смолы,Смола Lewatit (Леватит) CNP LF,245
Ингибиторы коррозии и солеотложения,Оксиэтилидендифосфоновая кислота 98% (ОЭДФ кислота) (25 пакетов по 1 кг),490
Силикагели,Силикагель фасованный КСКГ (порционный) по 100 г,50
Цеолиты,Цеолит природный (фр. 0-1 мм),20
Коагулянты,Полиоксихлорид алюминия Аква-РАС 30 (полный аналог Аква-Аурат-30) (25 пакет,160
Кварцевый песок,"Песок кварцевый (фракция 0,1-0,6 мм)",15
Кварцевый песок,"Песок кварцевый фракция 0,8-2,0 мм",15
Кварцевый песок,"Песок кварцевый фракция 2,0-5,0 мм",15
Кварцевый песок,"Песок кварцевый фракция 0,3-0,6 мм",15
Кварцевый песок,"Песок кварцевый фракция 3,0-6,0 мм",15
Кварцевый песок,"Песок кварцевый фракция 0,8-1,2 мм",15
Кварцевый песок,"Песок кварцевый фракция 0,5-1,6 мм",15
Кварцевый песок,"Песок кварцевый фракция 0,4-0,8 мм",15
Кварцевый песок,"Песок кварцевый (фракция 1,0-3,0 мм)",310
Кварцевый песок,"Цветной кварцевый песок (фракция 2,0-5,0 мм)",15
Кварцевый песок,"Цветной кварцевый песок (фракция 0,8-2,0 мм)",15
Кварцевый песок,"Цветной кварцевый песок (фракция 0,4-0,8 мм)",15
Кварцевый песок,"Песок кварцевый (фракция 0,6-1,2 мм)",15
Кварцевый песок,"Песок кварцевый (фракция 0,5-1,0 мм)",15
Кварцевый песок,"Песок кварцевый (фракция 0,5-0,8 мм)",15
Кварцевый песок,"Песок кварцевый (фракция 0,1-0,5 мм)",15
Кварцевый песок,"Песок кварцевый (фракция 0,1-0,2 мм)",15
Коагулянты,Полиоксихлорид алюминия Аква-Аурат-30 (25 пакетов по 1 кг),100
Коагулянты,Полиоксихлорид Алюминия БОПАК-Е (18%),90
Коагулянты,Полиоксихлорид Алюминия PAX-18 (PAX-XL100),100
Коагулянты,Полиоксихлорид Алюминия Бриллиант-50 (30%),160
Коагулянты,Полиоксихлорид Алюминия Аква-PAC 30,120
Коагулянты,Полиоксихлорид Алюминия марки ПОХА-18 (18%),78
Коагулянты,Полиоксихлорид Алюминия марки ПОХА-10 (10%),50
Коагулянты,Полиоксихлорид Алюминия марки ОХА-В (18%),75
Коагулянты,Полиоксихлорид Алюминия марки Б (18%),70
Коагулянты,Полиоксихлорид Алюминия Аква-Аурат-18,80
Коагулянты,Полиоксихлорид Алюминия марки А (10%),30
Коагулянты,Полиоксихлорид Алюминия марки ПОХА-14 (14%),45
Коагулянты,Полиоксихлорид Алюминия Аква-Аурат-15,50
Коагулянты,"Гидроксихлорид Алюминия, м.А",40
Коагулянты,Полиоксихлорид Алюминия Харвест-48 (30%),140
Коагулянты,Полиоксихлорид Алюминия UltraPAC-30-V,150
Коагулянты,Полиоксихлорид Алюминия UltraPAC-30-S,150
Коагулянты,Полиоксихлорид Алюминия PAX-PS,150
Коагулянты,Полиоксихлорид Алюминия PAX-30,130
Коагулянты,Сульфат Алюминия,50
Коагулянты,Полиоксихлорид Алюминия Аква-Аурат-10,80
Коагулянты,Полиоксихлорид Алюминия Аква-Аурат-30,120
Коагулянты,Сульфат Алюминия ГРАЛС В/С (размер частиц до 20 мм),20
Коагулянты,Полиоксихлорид Алюминия  (18%),80
Коагулянты,Сульфат Алюминия Жидкий (водный раствор),50
Коагулянты,Полиоксихлорид Алюминия 30,120
Коагулянты,аналог Аква-Аурат-10,50
Коагулянты,Аква-Аурат-15,50
Коагулянты,Железо (III) хлорное 6-ти водное (кристаллическое),236
Коагулянты,Сульфат Алюминия Порошкообразный,50
Коагулянты,Железо хлорное 40% (жидкое),230
Цеолиты,"Цеолит природный (фр. 2,0-5,0 мм)",20
Цеолиты,"Цеолит природный (фр. 1,0-5,0 мм)",20
Цеолиты,Цеолит синтетический марки Ca (4 мм),210
Цеолиты,Цеолит природный (фр. 0-3 мм),25
Цеолиты,Цеолит Синтетический марки NaА-БКО,230
Цеолиты,"Цеолит синтетический марки Ca (3, 4 мм)",185
Цеолиты,"Цеолит синтетический марки CaA (3, 4 мм)",195
Цеолиты,"Цеолит синтетический марки CaA (1,6-3,2 мм) (шарик)",190
Цеолиты,Цеолит синтетический марки NaA (3-5 мм) (шарик),260
Цеолиты,"Цеолит синтетический марки NaX (3,0-5,0 мм) (шарик)",230
Цеолиты,Цеолит Синтетический марки КА-БС,200
Цеолиты,Цеолит Синтетический марки КА-ГНС,200
Цеолиты,Цеолит синтетический марки Ca,200
Цеолиты,Цеолит Синтетический марки CaA,220
Цеолиты,Цеолит синтетический марки NaX-К,230
Цеолиты,Цеолит синтетический марки NaX-К (фр. 3; 4 мм) черенок,230
Цеолиты,Цеолит Синтетический марки NaА (4 мм),220
Цеолиты,Цеолит Синтетический марки NaX (2 мм),230
Цеолиты,Цеолит Синтетический типа CaA-БС,240
Цеолиты,Цеолит Синтетический марки NaX (4 мм),260
Цеолиты,Цеолит Синтетический марки NaХ-БСО,250
Цеолиты,Цеолит Синтетический марки NaХ-БС,250
Цеолиты,Цеолит синтетический марки NaХ-БКО (фр.3 мм) черенок,260
Цеолиты,Цеолит природный для кошачьего туалета,30
Цеолиты,"Цеолит природный фр.0,8-2,0 мм",25
Цеолиты,"Цеолит природный фр.5,0-10,0 мм",20
Цеолиты,"Цеолит природный фр.3,0-5,0 мм",20
Цеолиты,Цеолит Синтетический марки NaА-Y,230
Цеолиты,Цеолит Синтетический марки NaA-БС,225
Цеолиты,"Цеолит природный фр.1,0-3,0 мм",30
Цеолиты,Цеолит Синтетический марки CaХ,220
Цеолиты,Активный оксид алюминия АОА,300
Цеолиты,"Активный оксид алюминия (фр. 5-8 мм) шарик, Россия",450
Цеолиты,Активный оксид алюминия (шарик) (фр. 2-3мм) 25 кг,470
Цеолиты,Цеолитовый наполнитель впитывающий,50
Цеолиты,Цеолит синтетический марки КА,320
Цеолиты,"Цеолит синтетический марки CaA (3,0-5,0 мм) (шарик)",220
Цеолиты,Цеолит Синтетический марки NaА (2 мм),230
Цеолиты,"Цеолит синтетический марки NaX (1,6-3,2 мм) (шарик)",230
Цеолиты,"Цеолит синтетический марки NaA (1,6-3,2 мм) (шарик)",220
Силикагели,Силикагель фасованный КСКГ (порционный) по 250 г,55
Силикагели,Силикагель фасованный КСКГ (порционный) по 300 г,60
Силикагели,Силикагель фасованный КСКГ (порционный) по 5 кг,160
Силикагели,Силикагель фасованный КСКГ (порционный) по 500 г,200
Силикагели,Силикагель фасованный КСКГ (порционный) по 15 кг,150
Силикагели,Силикагель фасованный КСКГ (порционный) по 10 кг,140
Силикагели,Силикагель фасованный КСМГ (порционный) по 100 г,50
Силикагели,Силикагель фасованный КСМГ (порционный) по 250 г,55
Силикагели,Силикагель фасованный КСМГ (порционный) по 300 г,60
Силикагели,Силикагель фасованный КСМГ (порционный) по 5 кг,200
Силикагели,Силикагель фасованный КСМГ (порционный) по 500 г,150
Силикагели,Силикагель фасованный КСМГ (порционный) по 15 кг,140
Силикагели,Силикагель фасованный КСМГ (порционный) по 10 кг,120
Силикагели,Силикагелевый наполнитель для кошачьего туалета,100
Силикагели,Осушитель воздуха в тканевом мешочке с завязками 1 кг,150
Силикагели,Осушитель воздуха в тканевом мешочке с завязками 250 гр,100
Силикагели,Осушитель воздуха в тканевом мешочке с завязками 200 гр,95
Силикагели,Силикагель индикаторный 15 кг,500
Силикагели,Силикагель фасованный КСМГ (порционный) по 1 кг,150
Силикагели,Силикагель КСМГ (Россия),130
Силикагели,Силикагель КСМГ (Китай),135
Силикагели,Силикагель индикаторный (Китай),700
Силикагели,Силикагель КСКГ (Россия),190
Силикагели,Силикагель для Стеклопакетов,120
Силикагели,Силикагель индикаторный ГОСТ 8984-75,700
Силикагели,Активный оксид алюминия (шарик) (d=2-3мм),480
Силикагели,Активный оксид алюминия (шарик) (d=3-5мм),450
Силикагели,Активный оксид алюминия для адсорбционных колонн,340
Силикагели,Осушитель воздуха в тканевом мешке с визуальным контролем 10 кг,150
Силикагели,Осушитель воздуха в тканевом мешке с визуальным контролем 5 кг,170
Силикагели,Осушитель воздуха в тканевом мешке с визуальным контролем 1 кг,200
Силикагели,Силикагель фасованный (порционный) 200 гр,350
Силикагели,Силикагель фасованный (порционный) 150 гр,350
Силикагели,Силикагель Индикаторный 10 кг,5000
Силикагели,Силикагель Индикаторный 2 кг,1000
Силикагели,Силикагель Индикаторный 500 гр,500
Силикагели,Силикагель Индикаторный 5 кг,3000
Силикагели,Силикагель фасованный (порционный) 1 кг,170
Силикагели,Силикагель фасованный (порционный) 100 гр,200
Силикагели,Силикагель индикаторный 100 гр,500
Силикагели,Силикагелевый наполнитель,130
Ингибиторы коррозии и солеотложения,Комплексонат ОЭДФ-цинк (порошок) (Китай) (25 пакетов по 1 кг),375
Ингибиторы коррозии и солеотложения,Комплексонат НТФ-цинк (порошок) (Китай) (25 пакетов по 1 кг),350
Ингибиторы коррозии и солеотложения,Аминат БКу,280
Ингибиторы коррозии и солеотложения,Аминат КО-5,280
Ингибиторы коррозии и солеотложения,Аминат БДБ-5,280
Ингибиторы коррозии и солеотложения,Аминат БКА,280
Ингибиторы коррозии и солеотложения,Аминат БДБ,290
Ингибиторы коррозии и солеотложения,Аметек РО-1,290
Ингибиторы коррозии и солеотложения,Аминат НД,290
Ингибиторы коррозии и солеотложения,Аминат БК,290
Ингибиторы коррозии и солеотложения,Аминат ПК-5,290
Ингибиторы коррозии и солеотложения,Аметек РО-2,290
Ингибиторы коррозии и солеотложения,Аминат ПК-4,290
Ингибиторы коррозии и солеотложения,"Комплексонат ОЭДФ (цинк, порошок) Китай",450
Ингибиторы коррозии и солеотложения,Аминат ПК-1,220
Ингибиторы коррозии и солеотложения,Аминат А,200
Ингибиторы коррозии и солеотложения,Аминат Кв,200
Ингибиторы коррозии и солеотложения,"Ингибитор коррозии Protectogen C Aqua (протектоген C Aqua), 1л",200
Ингибиторы коррозии и солеотложения,Оксиэтилидендифосфоновая кислота 98% (ОЭДФ кислота),450
Ингибиторы коррозии и солеотложения,"Комплексонат НТФ 25% (цинк, раствор) Китай",120
Ингибиторы коррозии и солеотложения,Аминат КО-4,240
Ингибиторы коррозии и солеотложения,Аминат Д,225
Ингибиторы коррозии и солеотложения,Аминат ВО-1,220
Ингибиторы коррозии и солеотложения,Аминат БК высший сорт,220
Ингибиторы коррозии и солеотложения,"Комплексонат ОЭДФ 25% (цинк, раствор) Китай",230
Ингибиторы коррозии и солеотложения,"Комплексонат НТФ (цинк, порошок) Китай",260
Ингибиторы коррозии и солеотложения,Комплексонат ОЭДФ К 60% (раствор),250
Ингибиторы коррозии и солеотложения,Zn-ОЭДФ,400
Ингибиторы коррозии и солеотложения,Аминат ВО-2,220
Ингибиторы коррозии и солеотложения,Аминат ДМ-50А,220
Ингибиторы коррозии и солеотложения,Аминат КО-3П,220
Ингибиторы коррозии и солеотложения,Аминат КО-2,220
Ингибиторы коррозии и солеотложения,Ингибитор солеотложений ИОМС-1  (раствор),180
Ингибиторы коррозии и солеотложения,Аминат БКГ,300
Ингибиторы коррозии и солеотложения,Аминат ДМ-70 (щелочной),300
Ингибиторы коррозии и солеотложения,Аминат ДМ-К,300
Ингибиторы коррозии и солеотложения,Аминат ПК-6,300
Ингибиторы коррозии и солеотложения,Аминат ДМ-56 (кислый),300
Ингибиторы коррозии и солеотложения,Аминат ДМ-50Б (щелочной),300
Ингибиторы коррозии и солеотложения,Аминат К,300
Ингибиторы коррозии и солеотложения,Аминат ДМ-30 (кислый),300
Ингибиторы коррозии и солеотложения,Аминат ДМ-14 (кислый),300
Ингибиторы коррозии и солеотложения,Аминат Д-30,300
Ингибиторы коррозии и солеотложения,Аминат КО-3,300
Ингибиторы коррозии и солеотложения,Аминат ПК-2,300
Ингибиторы коррозии и солеотложения,Аминат ДС,300
Ингибиторы коррозии и солеотложения,Аминат ПК-3,300
Ингибиторы коррозии и солеотложения,Аминат Д(Р),300
Ингибиторы коррозии и солеотложения,Аминат Д(К),300
Ингибиторы коррозии и солеотложения,Аминат ПК-2Д,300
Ингибиторы коррозии и солеотложения,Аминат Д-56,300
Ингибиторы коррозии и солеотложения,Аминат ОД,300
Ингибиторы коррозии и солеотложения,Аминат Ак,300
Ингибиторы коррозии и солеотложения,Аминат КО-2Н,300
Ингибиторы коррозии и солеотложения,Аминат Ао,300
Ингибиторы коррозии и солеотложения,Аминат ОД-1,300
Ингибиторы коррозии и солеотложения,Аминат ПК-4Д,300
Ингибиторы коррозии и солеотложения,Гилуфер 422 (Gilufer),300
Ингибиторы коррозии и солеотложения,Сульфаминовая кислота,320
Ингибиторы коррозии и солеотложения,Нитрилотриметилфосфоновая кислота 98% (НТФ кислота) (25 пакетов по 1 кг),260
Ингибиторы коррозии и солеотложения,Нитрилотриметилфосфоновая кислота 98% (НТФ кислота),260
Ионообменные смолы,Смола Lewatit (Леватит) S 1467,240
Ионообменные смолы,Смола Amberlite (Амберлайт) 4200 CI,420
Ионообменные смолы,Смола Tulsion (Тульсион) T 42,420
Ионообменные смолы,Катионит Tokem (Токем) 100,400
Ионообменные смолы,Смола Amberlite (Амберлайт) 1200 Na,270
Ионообменные смолы,Смола Amberlite (Амберлайт) 1200 H,270
Ионообменные смолы,Смола Tulsion (Тульсион) A 2-XMP,290
Ионообменные смолы,Смола Amberlite (Амберлайт) IRA 420,290
Ионообменные смолы,Смола Lewatit (Леватит) Mono Plus M 500,275
Ионообменные смолы,Смола Lewatit (Леватит) Mono Plus M 800,270
Ионообменные смолы,Ионообменная смола Dowex (Давекс) Marathon A,260
Ионообменные смолы,Ионообменная смола Lewatit (Леватит) NM 60,200
Ионообменные смолы,Ионообменная смола Dowex (Давекс) SBR-P,180
Ионообменные смолы,Ионообменная смола Amberlite (Амберлайт) IRA458CI,310
Ионообменные смолы,Смола Lewatit (Леватит) Mono Plus S 100,320
Ионообменные смолы,Ионообменная смола Amberlite (Амберлайт) IR120 Na,290
Ионообменные смолы,Ионообменная смола Amberlite (Амберлайт) 4200CI,270
Ионообменные смолы,Ионообменная смола Amberlite (Амберлайт) IRA420,280
Ионообменные смолы,Ионообменная смола Relite (Релит),300
Ионообменные смолы,Смола Amberlite (Амберлайт) IR 120,290
Ионообменные смолы,Ионообменная смола Dowex (Давекс) Marathon C,290
Ионообменные смолы,Ионообменная смола Amberlite (Амберлайт) IR120 H,240
Ионообменные смолы,Ионообменная смола Purolite (Пьюролайт) C 100H,240
Ионообменные смолы,Ионообменная смола Resinex K-8 H,245
Ионообменные смолы,Ионообменная смола Lewatit (Леватит) S1567,250
Ионообменные смолы,Ионообменная смола Amberlite (Амберлайт) 1200 H,260
Ионообменные смолы,Ионообменная смола Amberlite (Амберлайт) 1200 Na,260
Ионообменные смолы,Смола Dowex (Давекс) HCR-C,270
Ионообменные смолы,Смола Purolite (Пьюролайт) C 100,270
Ионообменные смолы,Ионообменная смола Trilite,300
Ионообменные смолы,Ионообменная смола Resintech,310
Ионообменные смолы,Ионообменная смола Resindion,310
Ионообменные смолы,Ионообменная смола Granion,320
Ионообменные смолы,Смола Lewatit (Леватит) Mono Plus S 108,290
Ионообменные смолы,Ионообменная смола Tulsion (Тульсион) A2-XMP,270
Ионообменные смолы,Ионообменная смола Tulsion (Тульсион) T52 Na,270
Ионообменные смолы,Ионообменная смола Purolite (Пьюролайт) A400,320
Ионообменные смолы,Ионообменная смола Lewatit (Леватит) S1467,280
Ионообменные смолы,Катионит КУ-2-8 ЧС ГОСТ 20298-74,200
Ионообменные смолы,Катионит КУ-2-8 Na (1 сорт) ТУ,80
Ионообменные смолы,Катионит КУ-2-8 Na (1 сорт) ГОСТ 20298-74,85
Ионообменные смолы,Катионит КУ-2-8 Н (1 сорт) ТУ,80
Ионообменные смолы,Катионит КУ-2-8 Н (1 сорт) ГОСТ 20298-74,70
Ионообменные смолы,Катионит КУ-2-8 H (в/с) ГОСТ 20298-74,120
Ионообменные смолы,Катионит КУ-2-8 Na (в/с) ГОСТ 20298-74,120
Ионообменные смолы,Анионит АН-31,600
Ионообменные смолы,Ионообменная смола Lewatit (Леватит) M 600,180
Ионообменные смолы,Ионообменная смола Lewatit (Леватит) MonoPlus MP 68,280
Ионообменные смолы,Ионообменная смола Lewatit (Леватит) MonoPlus SP 112,280
Ионообменные смолы,Ионообменная смола Purolite (Пьюролайт) C100E,310
Ионообменные смолы,Ионообменная смола Purolite (Пьюролайт) C100 H,340
Ионообменные смолы,Ионообменная смола Diaion,360
Ионообменные смолы,Ионообменная смола Polyion,380
Ионообменные смолы,Ионообменная смола Bybron,400
Ионообменные смолы,Ионообменная смола,90
Ионообменные смолы,Анионит АВ-17-8 ГОСТ 20301-74,230
Ионообменные смолы,Смола Tulsion (Тульсион) T 50,35
Ионообменные смолы,Смола смешанного действия Puresin (Пюрезин) PMB101,300
Ионообменные смолы,Ионообменная смола Amberlite (Амберлайт) IRA67,370
Ионообменные смолы,Ионообменная смола Amberlite (Амберлайт) IRA96,370
Ионообменные смолы,Ионообменная смола Dowex (Давекс) HCR-S S,370
Ионообменные смолы,Смола Tulsion (Тульсион) T 52,370
Ионообменные смолы,Смола Lewatit (Леватит) MP68,370
Ионообменные смолы,Катионит Tokem (Токем) 800,370
Ионообменные смолы,Смола Tulsion (Тульсион) A 10-XMP,370
Ионообменные смолы,Катионит Tokem (Токем) 320,460
Ионообменные смолы,Ионообменная смола Lewatit (Леватит) VP OC 1073,400
Ионообменные смолы,Смола Lewatit (Леватит) C 249,405
Ионообменные смолы,Ионообменная смола Amberlite (Амберлайт) SR 1L,405
Ионообменные смолы,Смола смешанного действия Puresin (Пюрезин) MB115,400
Ионообменные смолы,Ионообменная смола Lewatit (Леватит) S 1567,405
Ионообменные смолы,Ионообменная смола Amberlite (Амберлайт MB 20,405
Ионообменные смолы,Ионообменная смола Dowex (Давекс) HCR-S Na,405
Ионообменные смолы,"Ионообменная смола Purolite (Пьюролайт) С105,106,107,145",405
Ионообменные смолы,"Ионообменная смола Purolite (Пьюролайт) А100,200,400,500,600,850,870",410
Ионообменные смолы,Ионообменная смола Tulsion (Тульсион) A10-XMP,300
Ионообменные смолы,Ионообменная смола Tulsion (Тульсион) T42 Na,300
Ионообменные смолы,Ионообменная смола Tulsion (Тульсион) T42 H,300
Ионообменные смолы,Ионообменная смола Lewatit (Леватит) MonoPlus M 800,300
Ионообменные смолы,Ионообменная смола Lewatit (Леватит) MonoPlus M 500,300
Ионообменные смолы,Ионообменная смола Dowex (Давекс) HCR-S H,300
Ионообменные смолы,Ионообменная смола Purolite (Пьюролайт) C100 Na,300
Ионообменные смолы,Ионообменная смола Purolite (Пьюролайт) A200,300
Ионообменные смолы,Ионообменная смола Purolite (Пьюролайт) A100,300
Ионообменные смолы,Ионообменная смола Amberlite (Амберлайт) IRA402 CI,300
Ионообменные смолы,Ионообменная смола Lewatit (Леватит) S1667,300
Ионообменные смолы,Ионообменная смола Lewatit (Леватит) MonoPlus MP 64,300
Ионообменные смолы,Ионообменная смола Lewatit (Леватит) Mono Plus TP 207,300
Ионообменные смолы,Ионообменная смола Lewatit (Леватит) Mono Plus S 108,300
Ионообменные смолы,Ионообменная смола Lewatit (Леватит) Ionac SR 7,300
Ионообменные смолы,Ионообменная смола Lewatit (Леватит) Ionac NM 91,300
Ионообменные смолы,Ионообменная смола Lewatit (Леватит) CNP LF,300
Ионообменные смолы,Ионообменная смола Lewatit (Леватит) CNP 80,300
Ионообменные смолы,СульфоКатион ТУ 2162-027-72651045-20,70
Ионообменные смолы,Ионообменная смола Lewatit (Леватит) C 249,340
Ионообменные смолы,Анионит макропористный Puresin (Пюрезин) PA300,300
Ионообменные смолы,Анионит гелевый Puresin (Пюрезин) PA101,320
Ионообменные смолы,Катионит Puresin (Пюрезин) PC002,300
Ионообменные смолы,Катионит сильнокислотный Puresin (Пюрезин) PC003,300
Активированные угли,Активированный уголь БАУ-ЛВП ТУ,220
Активированные угли,Активированный уголь БАУ-А ГОСТ 6217-74 (пакеты по 500 гр),230
Активированные угли,Уголь активированный NWC® HS,420
Активированные угли,Уголь активированный NWC® GL,400
Активированные угли,Активированный уголь ДАУСОРБ 12х40,250
Активированные угли,Активированный уголь ДАУСОРБ 12х20,230
Активированные угли,Активированный уголь ВЛ-115,150
Активированные угли,Активированный уголь СКТ-3,250
Активированные угли,Активированный уголь СОРБЕР-30,90
Активированные угли,Активированный уголь ДАУСОРБ 8×30,310
Активированные угли,Активированный уголь ДАУСОРБ 8х16,320
Активированные угли,Активированный уголь CОРБЕР-40,250
Активированные угли,Активированный уголь СОРБЕР-10,270
Активированные угли,Активированный уголь кокосовый 207 С,400
Активированные угли,Активированный уголь ДАК ГОСТ 6217-74,70
Активированные угли,Осушитель воздуха в тканевом мешочке с завязками 150 гр,90
Активированные угли,Активированный уголь ОУ-Б ГОСТ 4453-74,280
Активированные угли,"Шунгит фр. 0,5-1 мм",15
Активированные угли,Активированный уголь ОУ-В ГОСТ 4453-74,290
Активированные угли,Активированный уголь АГ-ОВ-2 (аналог),120
Активированные угли,"Активированный уголь АР-Б по ТУ (фракция 1,5 мм)",190
Активированные угли,Уголь активированный NWC® DH-15,385
Активированные угли,Активированный уголь NWM® AR,390
Активированные угли,Активированный уголь АГС-4 (аналог),100
Активированные угли,Активированный уголь АР-А ГОСТ 8703-74,149
Активированные угли,NWC® AW,450
Активированные угли,Активированный уголь Silcarbon TH90extra 80% (фракция до 45 микр),415
Активированные угли,Активированный уголь Silcarbon TH90G 95% (фракция до 75 микр),420
Активированные угли,Порошковый уголь Silcarbon TH90i 75% (фракция до 160 микр),400
Активированные угли,"Активированный уголь Silcarbon S48 (фракция 2,4-4,8мм/4х8)",395
Активированные угли,"Silcarbon K814special (фракция 1,4-2,5мм/8х14)",385
Активированные угли,"Активированный уголь Silcarbon S814 (фракция 1,4-2,5мм (8х14 Mesh)",390
Активированные угли,"Активированный уголь Silcarbon S835 (фракция 0,5-2,5мм/8х35)",390
Активированные угли,Активированный уголь NWN® SP3,390
Активированные угли,"Silcarbon K48special (фракция 2,4-4,8мм/4х8)",385
Активированные угли,"Silcarbon C46 (фракция 3,0-5,0мм/4х6)",390
Активированные угли,Активированный уголь NWN® SP1,39
Активированные угли,Активированный уголь NWN® SP,390
Активированные угли,Активированный уголь NWN® SP2,385
Активированные угли,"Silcarbon K835special (фракция 0,5-2,5 мм/8х36)",380
Активированные угли,"Silcarbon К (фракция 0,3-0,8 / 0,3-0,85мм)",425
Активированные угли,Активированный уголь Silcarbon TH90med 70% (фракция до 45 микр),420
Активированные угли,"Silcarbon K612 (фракция 1,7- 3,35мм/6х12)",400
Активированные угли,"Silcarbon K300 (фракция 0,7-1,4мм/14х25)",270
Активированные угли,Активированный уголь Silcarbon CW50 90% (фракция до 80 микр),375
Активированные угли,Активированный уголь Silcarbon CW30 90% (фракция до 80 микр),370
Активированные угли,Активированный уголь для воздухоочистки Silcarbon SC44 (фракция 4 мм),370
Активированные угли,Активированный уголь Silcarbon CW20 90% (фракция до 80 микр),350
Активированные угли,Активированный уголь для очистки воздуха Silcarbon SIL40extra (фракция 4 мм,270
Активированные угли,Активированный угольдля очистки воздуха Silcarbon SIL40 (фракция 4мм),270
Активированные угли,"Silcarbon K124 (фракция 0,4-1,7мм/12х40)",260
Активированные угли,"Активированный уголь для очистки воды Silcarbon SIL15 (фракция 1,5мм)",265
Активированные угли,"Активированный уголь Silcarbon SIL15extra (фракция 1,5мм)",275
Активированные угли,Активированный уголь Silcarbon TW20 (фракция 6х12) — аналог БАУ-А,255
Активированные угли,Активированный уголь БАУ-МФ ГОСТ 6217-74,250
Активированные угли,Активированный уголь для фильтров очистки воздуха Silcarbon SC40 (фракция 4,270
Активированные угли,Сульфоуголь СК по ГОСТ 5696-74,45
Активированные угли,Сульфоуголь СК,45
Активированные угли,Активированный уголь БАУ-ЛВ (пакетированный),230
Активированные угли,Активированный уголь БАУ-ЛВ (для ликероводки),220
Активированные угли,Активированный уголь БАУ-А ГОСТ 6217-74,200
Активированные угли,Активированный уголь БАУ-А,119
Активированные угли,Активированный уголь Philippine-japan Active Carbon (Индия),250
Активированные угли,Активированный уголь АР-В,149
Активированные угли,Активированный уголь Carbo Tech DGK (Германия),410
Активированные угли,Активированный уголь АГ-ОВ-1,250
Активированные угли,Активированный уголь СКДС-515 (аналог),230
Активированные угли,Активированный уголь АГ-5,150
Активированные угли,Активированный уголь СКД,230
Активированные угли,"Активированный уголь АР-А по  (фракция 1,5 мм)",150
Активированные угли,Активированный уголь АР-Б ГОСТ 8703-74,200
Активированные угли,Активированный уголь АГ-3 ГОСТ 20464-75,190
Активированные угли,Активированный уголь МАУ-200,300
Активированные угли,Активированный уголь АГ-2,200
Активированные угли,Активированный уголь Кокосовый 607 С,400
Активированные угли,Активированный уголь ОУ-А ГОСТ 4453-74,300
Активированные угли,Активированный уголь БАУ-А (пакетированный),230
Активированные угли,Активированный уголь ДАК-5,70
Активированные угли,"Активированный уголь Кокосовый (по 1 кг, 25шт в мешке)",280
Активированные угли,Активированный уголь Кокосовый,270
Активированные угли,Активированный уголь  УАФ,250
Активированные угли,Активированный уголь 6х12,300
Активированные угли,Активированный уголь УАФ,400
Активированные угли,"Активированный уголь Silcarbon S1240 (фракция 0,43-1,7мм/12х40)",450
Активированные угли,Уголь активированный NWC® A85,450
Активированные угли,Уголь активированный NWC® AG,450
Активированные угли,"Silcarbon K48 (фракция 2,4-4,8 мм/4х8)",260
Активированные угли,Уголь активированный NWC® GM-55,400
Активированные угли,Активированный уголь,400
Активированные угли,"Активированный уголь кокосовый (по 1 кг, 25 шт в мешке)",270
Активированные угли,"Активированный уголь БАУ-А (пак. по 0,5 кг, 20 шт в меш.)",200
Активированные угли,"Активированный уголь БАУ-ЛВП (пакеты по 0,5 кг, 20 шт в мешке)",200
Активированные угли,Активированный уголь КАУ,250
Активированные угли,Активированный уголь Silcarbon (Германия),350
Активированные угли,Активированный уголь NWC Carbon (Шри-Ланка),270
Активированные угли,Активированный уголь  Carbon (Китай),280
Активированные угли,Активированный уголь СОРБЕР (аналог),270
Активированные угли,Активированный уголь  12*40,250
Активированные угли,Активированный уголь кокосовый фр. 12×40,250
Техническая химия,"Натр Едкий  РМ-Б 42% (Сода каустическая, щелочь)",150
Техническая химия,"Натр Едкий 20% (Сода каустическая, щелочь)",130
Техническая химия,"Натр Едкий 25% (Сода каустическая, щелочь)",150
Техническая химия,"Натр Едкий 30% (Сода каустическая, щелочь)",170
Техническая химия,"Натр Едкий 49% (Сода каустическая, щелочь)",180
Техническая химия,"Натр Едкий  РД 47% (Сода каустическая, щелочь)",200
Техническая химия,"Натр Едкий  РД 48% (Сода каустическая, щелочь)",200
Техническая химия,"Гипохлорит кальция 45% Китай, мешок 25 кг (внутри по 2,5 кг)",220
Техническая химия,"Гипохлорит кальция 45% Китай, мешок 25 кг (внутри по 1 кг)",220
Техническая химия,Гипохлорит кальция 45% Китай в гранулах (банка 1 кг),220
Техническая химия,Железо хлорное 5% (жидкое),15
Техническая химия,Железо хлорное 20% (жидкое),25
Техническая химия,Железо хлорное 10% (жидкое),15
Техническая химия,Железо хлорное 30% (жидкое),15
Техническая химия,Натр Едкий ТР 98 % (Сода каустическая),200
Техническая химия,Натр Едкий Чешуированный (Сода каустическая),200
Техническая химия,Полиоксихлорид алюминия MetaPAC-18,60
Техническая химия,Пеногасители ПЕНТА-480,520
Техническая химия,Полиоксихлорид алюминия РАС 18,60
Техническая химия,Полиоксихлорид алюминия PAC-15,50
Техническая химия,Полипропиленгликоль,230
Техническая химия,Хлорамин Б (Китай) порошок (пакеты по 1 кг в мешке),200
Техническая химия,Кварцит молотый м. ПКМВИ-2 (биг-бег),26
Техническая химия,"Хлорамин Б (Китай) порошок (пакеты по 1,5 кг в мешке)",200
Техническая химия,"Смачиватель ОП-7 (бочка, кубовая емкость)",180
Техническая химия,Хлорамин Б (Китай) порошок в мешке,150
Техническая химия,Фильтрующий материал МЖФ,30
Техническая химия,"Сорбент АС фр. 0,7-1,4 мм",40
Техническая химия,"Сорбент МС фр. 0,7-1,4 мм",40
Техническая химия,"Фильтрующий материал BAUFILTER B (Бауфильтр В), мешок",60
Техническая химия,"Сорбент ОДМ-2Ф фасовка 24 кг (40 л) фр.0,7-1,5; 2,0-5,0 мм",50
Техническая химия,"Сорбент ОДМ-1Ф фасовка 20 кг (40 л) фр.1,0-3,0 мм",50
Техническая химия,"Кальцит фр. 1,5-3,0 мм",25
Техническая химия,Пеногасители ПЕНТА-474,520
Техническая химия,Пеногасители ПЕНТА-462А,520
Техническая химия,Пеногасители ПЕНТА-4613,520
Техническая химия,Пеногасители ПЕНТА-4604,520
Техническая химия,Пеногасители ПЕНТА АС-60,520
Техническая химия,Пеногасители ПЕНТА-468,520
Техническая химия,Пеногасители ПЕНТА-463А,520
Техническая химия,Пеногасители ПЕНТА-467,520
Техническая химия,Этиленгликоль 70% (ВГР-70%)  с присадками,100
Техническая химия,Натр Едкий 46% (налив в тару клиента),200
Техническая химия,Перекись водорода для бассейна,50
Техническая химия,Натр Едкий 40% (налив в тару клиента),200
Техническая химия,Натр Едкий РМ-Б 42% (налив в тару клиента),150
Техническая химия,Сода кальцинированная марки «Б» (25 пакетов по 1 кг),45
Техническая химия,Натр Едкий Очищенный 49% (налив в тару клиента),120
Техническая химия,Хлорная известь (40 пакетов по 500 гр),100
Техническая химия,Известь Гашёная (Пушонка),250
Техническая химия,Хлорная известь 30%,75
Техническая химия,Натр Едкий РД 47% (налив в тару клиента),300
Техническая химия,Натр Едкий 10% (налив в тару клиента),200
Техническая химия,"Натр Едкий 47% (Сода каустическая, щелочь)",370
Техническая химия,"Натр Едкий 40% (Сода каустическая, щелочь)",350
Техническая химия,"Натр Едкий 46% (Сода каустическая, щелочь)",300
Техническая химия,Натр Едкий РР 42% (Сода каустическая),270
Техническая химия,Осушитель воздуха в тканевом мешке с визуальным контролем 500 гр,150
Техническая химия,Осушитель воздуха в тканевом мешке с визуальным контролем 50 гр,200
Техническая химия,Аминаты,225
Техническая химия,Пеногасители ПЕНТА-483,550
Техническая химия,"Смачиватель ОП-10 (канистра, бочка, кубовая емкость)",200
Техническая химия,"Моноэтаноламин 99,9% (МЭА-99%)",170
Техническая химия,"Диэтаноламин 99,9% (ДЭА-99%)",155
Техническая химия,Лимонная кислота,350
Техническая химия,"Диэтаноламин 99,9% (ДЭА-99%) с присадками",155
Техническая химия,Флокулянт SPECFLOK C-8366,0
Техническая химия,Флокулянт SPECFLOK C-8190,0
Техническая химия,Флокулянт SPECFLOK C-8160,0
Техническая химия,Флокулянт SPECFLOK C-8130,0
Техническая химия,Флокулянт SPECFLOK C-8110,0
Техническая химия,Флокулянт SPECFLOK C-8100,0
Техническая химия,Флокулянт SPECFLOK C-8060,0
Техническая химия,Флокулянт SPECFLOK C-8050,0
Техническая химия,Флокулянт SPECFLOK C-8030,0
Техническая химия,Флокулянт SPECFLOK C-8015,0
Техническая химия,Флокулянт SPECFLOK C-8012,0
Техническая химия,Флокулянт SPECFLOK C-830,0
Техническая химия,Флокулянт SPECFLOK C-800,0
Техническая химия,Флокулянт SPECFLOK A7971,0
Техническая химия,Флокулянт SPECFLOK A7960,0
Техническая химия,Флокулянт SPECFLOK A7950-40,0
Техническая химия,Флокулянт SPECFLOK A7950-35,0
Техническая химия,Кальций хлористый гранулированный мешок,101
Техническая химия,Этиленгликоль 80% (ВГР-80%)  с присадками,37
Техническая химия,Магний сернокислый технический,38
Техническая химия,Кальций хлористый гранулированный пищевой,101
Техническая химия,Этиленгликоль 35% (ВГР-35%) с присадками,34
Техническая химия,Пеногасители ПЕНТА-463В,520
Техническая химия,"Гравий для водоподготовки (водоочистки) фр. 2-5 мм, 5-10 мм",12
Техническая химия,Активный оксид алюминия (d=2-5мм),300
Техническая химия,Хлорное железо PIX-111 (40% р-р),230
Техническая химия,Гидроантрацит,27
Техническая химия,Гидроантрацит (Фильтроантрацит) Эверзит (Everzite),27
Техническая химия,Гидроантрацит (Фильтроантрацит) Пуролат-Стандарт (Purolat-Standart),27
Техническая химия,Гидроантрацит (Фильтроантрацит) Аква-Сайт (Aqua-site),27
Техническая химия,Гидроантрацит (Фильтроантрацит) ПуроКарбон (PuroCarbon),27
Техническая химия,Гидроантрацит (Фильтроантрацит) Аква-Лайт (Aqua-lite),27
Техническая химия,Антрацитовая крошка различных фракций,27
Флокулянты,Флокулянт Superfloc C493L,310
Флокулянты,Флокулянт Superfloc C492HMWP,310
Флокулянты,Флокулянт Superfloc C492HMW,310
Флокулянты,Флокулянт Superfloc C492HL,310
Флокулянты,Флокулянт Superfloc C492,310
Флокулянты,Флокулянт Superfloc C493HMWP,310
Флокулянты,Флокулянт Superfloc C492PWG,310
Флокулянты,Флокулянт Superfloc C492P,310
Флокулянты,Флокулянт Superfloc C492L,310
Флокулянты,Флокулянт Superfloc C491VP,310
Флокулянты,Флокулянт Superfloc C491P,310
Флокулянты,Флокулянт Superfloc C491KVP,310
Флокулянты,Флокулянт Superfloc C491KV,310
Флокулянты,Флокулянт Superfloc C491,310
Флокулянты,Флокулянт Superfloc C490K,310
Флокулянты,Флокулянт Superfloc C444,310
Флокулянты,Флокулянт Superfloc C442P,310
Флокулянты,Флокулянт Superfloc C442,310
Флокулянты,Флокулянт Praestol K 232 L,350
Флокулянты,Флокулянт Praestol 853 ВС,350
Флокулянты,Флокулянт Praestol 851 TR,350
Флокулянты,Флокулянт Praestol 851 ВС,350
Флокулянты,Флокулянт Praestol 810 ВС,350
Флокулянты,Флокулянт Praestol 806 ВС,350
Флокулянты,Флокулянт Praestol 650 TR,350
Флокулянты,Флокулянт Praestol 852 ВС,350
Флокулянты,Флокулянт Praestol 650 ВС,350
Флокулянты,Флокулянт Praestol 644 ВС,350
Флокулянты,Флокулянт Praestol 610 TR,350
Флокулянты,Флокулянт Flopam FO 3551 (кат.),350
Флокулянты,Флокулянт Flopam FO 4550 SH,350
Флокулянты,Флокулянт Flopam FO 4490 SSH,350
Флокулянты,Флокулянт Flopam FO 4440 SH,350
Флокулянты,Флокулянт Flopam FO 4290 PWG,350
Флокулянты,Флокулянт Zetag 4125,350
Флокулянты,Флокулянт Zetag 4120,350
Флокулянты,Флокулянт Zetag 4105,350
Флокулянты,Флокулянт Flopam FO 4140 PWG,350
Флокулянты,Флокулянт Flopam FO 4140 SH,350
Флокулянты,Флокулянт Flopam FO 4107 SSH,350
Флокулянты,Флокулянт Superfloc A190K,350
Флокулянты,Флокулянт Superfloc A150PWG,350
Флокулянты,Флокулянт Superfloc A150,350
Флокулянты,Флокулянт Superfloc A130V,350
Флокулянты,Флокулянт Superfloc A130PWG,350
Флокулянты,Флокулянт Superfloc A130MMW,350
Флокулянты,Флокулянт Superfloc A130,350
Флокулянты,Флокулянт Superfloc A120V,350
Флокулянты,Флокулянт Praestol 2530 TR,350
Флокулянты,Флокулянт Praestol 2640,350
Флокулянты,Флокулянт Praestol 2520,350
Флокулянты,Флокулянт Praestol 2515 TR,350
Флокулянты,Флокулянт Praestol 2510,350
Флокулянты,Флокулянт Flopam AN 956 PWG,350
Флокулянты,Флокулянт Flopam AN 945 PWG,350
Флокулянты,Флокулянт Flopam AN 945 SH,350
Флокулянты,Флокулянт Flopam AN 934 PWG,350
Флокулянты,Флокулянт Flopam AN 934 SH,350
Флокулянты,Флокулянт Flopam AN 913 SH,350
Флокулянты,Флокулянт Flopam AN 910 PWG,350
Флокулянты,Флокулянт Flopam AN 905 SH,350
Флокулянты,Флокулянт Flopam AН 912 SH,350
Флокулянты,Флокулянт Magnafloc (Магнафлок) LT 27,350
Флокулянты,Флокулянт Magnafloc (Магнафлок) 1597,350
Флокулянты,Флокулянт Superfloc N300LMW,350
Флокулянты,Флокулянт Zetag 7587,350
Флокулянты,Флокулянт Superfloc C491KP,350
Флокулянты,Флокулянт Superfloc C444P,350
Флокулянты,Флокулянт SPECFLOK C-827,350
Флокулянты,Флокулянт SPECFLOK C-823,350
Флокулянты,Флокулянт SPECFLOK C-815,400
Флокулянты,Флокулянт Flopam FO 4107 PWG,400
Флокулянты,Флокулянт Flopam FO 4290 SH,400
Флокулянты,Флокулянт Superfloc A1883RS,400
Флокулянты,Флокулянт Superfloc A130LMW,350
Флокулянты,Флокулянт SPECFLOK H750,0
Флокулянты,Флокулянт Superfloc 8555,400
Флокулянты,Флокулянт Superfloc A170HMW,400
Флокулянты,Флокулянт Superfloc A150HMW,400
Флокулянты,Флокулянт Zetag 1100,400
Флокулянты,Флокулянт Superfloc A150LMW,350
Флокулянты,Флокулянт Superfloc A100LMW,350
Флокулянты,Флокулянт Flopam AN 923 PWG,400
Флокулянты,Флокулянт Flopam AN 913 PWG,400
Флокулянты,Флокулянт Flopam AN 923 SH,400
Флокулянты,Флокулянт Flopam FA 920 PWG,400
Флокулянты,Флокулянт Flopam FA 920 SH,400
Флокулянты,Флокулянт SPECFLOK A7926-10,0
Флокулянты,Флокулянт Praestol 2505,350
Флокулянты,Флокулянт Flopam AN 956 SH,350
Флокулянты,Флокулянт Praestol 2515,350
Флокулянты,Флокулянт Magnafloc (Магнафлок) 10-A,350
