product,category,price,trademark,country,description,CAS,INCI,manufacturer,packing
Изопропиловый спирт (Пропанол-2),Реактивы и хим. сырье,4260,,,,,,,упаков
Натрий метасиликат,Реактивы и хим. сырье,,,,,,,,
Калий фосфорнокислый 2-замещенный 3 водн,Реактивы и хим. сырье,,,,,,,,
Натрий салициловокислый,Реактивы и хим. сырье,,,,,,,,
Крахмал текстильный Aprin,Реактивы и хим. сырье,110,,,,,,,упаков
Крахмал водорастворимый,Реактивы и хим. сырье,798,,,,,,,упаков
Бумага упаковочная с рисунком,Реактивы и хим. сырье,,,,,,,,
Метиламин раствор 38 %,Реактивы и хим. сырье,,,,,,,,
Аммоний азотнокислый,Реактивы и хим. сырье,,,,,,,,
Глиоксиловая кислота,Реактивы и хим. сырье,,,,,,,,
Диметиламинобензальдегид-пара ч,Реактивы и хим. сырье,,,,,,,,
Изопропиловый спирт (Пропанол-2),Реактивы и хим. сырье,,,,,,,,
Алюминий порошок ПА-3 (гранулки различимы - прим. 0,Реактивы и хим. сырье,,,,,,,,
Магний оксид,Реактивы и хим. сырье,,,,,,,,
Висмут металлический в гранулах ви-1,Реактивы и хим. сырье,,,,,,,,
Диметилформамид,Реактивы и хим. сырье,475,,,,,,,упаков
Аммоний фтористый,Реактивы и хим. сырье,,,,,,,,
Салициловая кислота,Реактивы и хим. сырье,,,,,,,,
Алюминий окись,Реактивы и хим. сырье,,,,,,,,
Цинк азотнокислый 6-водный,Реактивы и хим. сырье,,,,,,,,
Эриохром черный Т,Реактивы и хим. сырье,295,,,,,,,упаков
Литий углекислый,Реактивы и хим. сырье,2561,,,,,,,упаков
Шеллак натуральный Lemon One Mashine Made,Реактивы и хим. сырье,,,,,,,,
Винная кислота - D(-),Реактивы и хим. сырье,850,,,,,,,упаков
Ацетон,Реактивы и хим. сырье,,,,,,,,
Свинец азотнокислый,Реактивы и хим. сырье,,,,,,,,
Бутиламин-1,Реактивы и хим. сырье,2420,,,,,,,упаков
Молочная кислота,Реактивы и хим. сырье,,,,,,,,
Вазелин 1,Реактивы и хим. сырье,,,,,,,,
Натрий гидроксид,Реактивы и хим. сырье,,,,,,,,
Формалин,Реактивы и хим. сырье,,,,,,,,
Лимонная кислота пищ 1-водная,Реактивы и хим. сырье,,,,,,,,
Кальций молочнокислый (лактат),Реактивы и хим. сырье,,,,,,,,
Натрий сернистый,Реактивы и хим. сырье,,,,,,,,
Литий хлористый,Реактивы и хим. сырье,2381,,,,,,,упаков
Калий азотнокислый,Реактивы и хим. сырье,,,,,,,,
Гидрохинон,Реактивы и хим. сырье,,,,,,,,
Сульфаминовая кислота,Реактивы и хим. сырье,,,,,,,,
Натрий фтористый,Реактивы и хим. сырье,,,,,,,,
Метиламин раствор 38 %,Реактивы и хим. сырье,,,,,,,,
Фосфор красный,Реактивы и хим. сырье,2450,,,,,,,упаков
Шеллак натуральный Lemon One Mashine Made,Реактивы и хим. сырье,,,,,,,,
Глюкоза кристаллическая имп. цена за 1 кг,Реактивы и хим. сырье,,,,,,,,
Олово двухлористое 2-в.,Реактивы и хим. сырье,728,,,,,,,упаков
Триэтаноламин ч ТОЛЬКО РФ (фас 1 и 10 кг - 575 р/кг),Реактивы и хим. сырье,,,,,,,,
Натрий муравьинокислый (формиат),Реактивы и хим. сырье,,,,,,,,
Барий гидроокись 8-водн,Реактивы и хим. сырье,,,,,,,,
Фталевый ангидрид,Реактивы и хим. сырье,,,,,,,,
Калий железистосинеродистый,Реактивы и хим. сырье,,,,,,,,
Уротропин техн марка С,Реактивы и хим. сырье,,,,,,,,
Цинк хлористый,Реактивы и хим. сырье,,,,,,,,
Изопропиловый спирт (Пропанол-2),Реактивы и хим. сырье,,,,,,,,
Этиленгликоль,Реактивы и хим. сырье,,,,,,,,
Медный купорос (Медь сернокислая,Реактивы и хим. сырье,,,,,,,,
Медь окись II порошок,Реактивы и хим. сырье,,,,,,,,
Медь хлорная,Реактивы и хим. сырье,,,,,,,,
Изопропиловый спирт (Пропанол-2),Реактивы и хим. сырье,2160,,,,,,,упаков
Титан 4 оксид,Реактивы и хим. сырье,,,,,,,,
Калий уксуснокислый,Реактивы и хим. сырье,,,,,,,,
Ацетофенон,Реактивы и хим. сырье,,,,,,,,
4-метилбензальдегид (пара-Толуальдегид) ,Реактивы и хим. сырье,51221,,,,,,,упаков
Кремний окись - Сажа белая ZC,Реактивы и хим. сырье,,,,,,,,
Шеллак обезвощенный отбеленный DBS от 25 кг,Реактивы и хим. сырье,,,,,,,,
Сурьма окись (III),Реактивы и хим. сырье,,,,,,,,
Медь гранулированная,Реактивы и хим. сырье,1853,,,,,,,упаков
Уголь активированный БАУ-А-ЛВЗ / БАУ-ЛВ мешок 10 кг,Реактивы и хим. сырье,,,,,,,,
Лимонная кислота безводная,Реактивы и хим. сырье,,,,,,,,
Лимонная кислота безводная,Реактивы и хим. сырье,335,,,,,,,упаков
Лакмоид,Реактивы и хим. сырье,140,,,,,,,упаков
Пиридин,Реактивы и хим. сырье,,,,,,,,
Камфора упак 0,Реактивы и хим. сырье,985,,,,,,,упаков
Магний силицид,Реактивы и хим. сырье,460,,,,,,,упаков
Ванилин кристаллический - 3-метокси-4-гидроксибензальдегид,Реактивы и хим. сырье,1763,,,,,,,упаков
Бумага индикаторная лакмусовая КРАСНАЯ Китай новая туба 1 шт,Реактивы и хим. сырье,,,,,,,,
Натрий полифосфат,Реактивы и хим. сырье,,,,,,,,
Олово гранулированное,Реактивы и хим. сырье,5200,,,,,,,упаков
Фосфор красный,Реактивы и хим. сырье,3450,,,,,,,упаков
Алюминий гидроксид,Реактивы и хим. сырье,,,,,,,,
Лимонная кислота пищ 1-водная,Реактивы и хим. сырье,,,,,,,,
Барий хлористый,Реактивы и хим. сырье,,,,,,,,
Касторовое масло,Реактивы и хим. сырье,3582,,,,,,,упаков
Уксусная кислота лед. 99,Реактивы и хим. сырье,1625,,,,,,,упаков
Гексан,Реактивы и хим. сырье,4704,,,,,,,упаков
Уротропин техн марка С от 25 кг,Реактивы и хим. сырье,,,,,,,,
Силикагель КСКГ,Реактивы и хим. сырье,,,,,,,,
Пропиленгликоль (моно),Реактивы и хим. сырье,498,,,,,,,упаков
Нигрозин спирторастворимый,Реактивы и хим. сырье,196,,,,,,,упаков
Стекло жидкое натриевое,Реактивы и хим. сырье,9890,,,,,,,упаков
Натрий гидроксид,Реактивы и хим. сырье,181,,,,,,,упаков
Уксусная кислота лед. 99,Реактивы и хим. сырье,2950,,,,,,,упаков
Натрий гидроксид,Реактивы и хим. сырье,,,,,,,,
Стронций хлористый,Реактивы и хим. сырье,,,,,,,,
Петролейный эфир 50-70,Реактивы и хим. сырье,,,,,,,,
Силикагель индикаторный,Реактивы и хим. сырье,,,,,,,,
Метол,Реактивы и хим. сырье,1242,,,,,,,упаков
Бромоформ (Трибромметан),Реактивы и хим. сырье,,,,,,,,
Шеллак натуральный Lemon One Mashine Made,Реактивы и хим. сырье,,,,,,,,
Уксусная кислота лед. 99,Реактивы и хим. сырье,,,,,,,,
Магний сернокислый,Реактивы и хим. сырье,,,,,,,,
Натрий боргидрид,Реактивы и хим. сырье,5213,,,,,,,упаков
Этиленгликоль,Реактивы и хим. сырье,2112,,,,,,,упаков
Азотная кислота осч 18-4,Реактивы и хим. сырье,,,,,,,,
Калий хлористый,Реактивы и хим. сырье,,,,,,,,
Полиэтиленгликоль ПЭГ- 400,Реактивы и хим. сырье,345,,,,,,,упаков
Аммоний роданистый,Реактивы и хим. сырье,,,,,,,,
Борная кислота имп,Реактивы и хим. сырье,,,,,,,,
Марганец углекислый имп,Реактивы и хим. сырье,,,,,,,,
Калий железосинеродистый,Реактивы и хим. сырье,493.50,,,,,,,упаков
Натрий азид,Реактивы и хим. сырье,,,,,,,,
Аммоний фтористый кислый,Реактивы и хим. сырье,,,,,,,,
Железный сурик сухой,Реактивы и хим. сырье,,,,,,,,
Никель сернокислый 7-водн,Реактивы и хим. сырье,,,,,,,,
Пальмовое масло РДО (36-39),Реактивы и хим. сырье,,,,,,,,
Аммоний лимоннокислый 3-замещенный 0,Реактивы и хим. сырье,,,,,,,,
Кокосовое масло РДО,Реактивы и хим. сырье,382,,,,,,,упаков
Барий углекислый,Реактивы и хим. сырье,,,,,,,,
Гуммиарабик,Реактивы и хим. сырье,,,,,,,,
Триэтиламин,Реактивы и хим. сырье,,,,,,,,
Стеариновая кислота,Реактивы и хим. сырье,,,,,,,,
Натрий азид,Реактивы и хим. сырье,,,,,,,,
Алюминий сернокислый,Реактивы и хим. сырье,730,,,,,,,упаков
Калий сернокислый,Реактивы и хим. сырье,,,,,,,,
Железо III окись,Реактивы и хим. сырье,,,,,,,,
Натрий фосфорнокислый 2-зам. 12 водный,Реактивы и хим. сырье,,,,,,,,
Натрий бензоат,Реактивы и хим. сырье,,,,,,,,
Стекло жидкое натриевое (1,Реактивы и хим. сырье,,,,,,,,
Диэтаноламин,Реактивы и хим. сырье,,,,,,,,
Коричная кислота,Реактивы и хим. сырье,,,,,,,,
Глиоксиловая кислота,Реактивы и хим. сырье,9342,,,,,,,упаков
Графит черный м. ГЛС -1 (скрытокристаллический),Реактивы и хим. сырье,,,,,,,,
Люминол,Реактивы и хим. сырье,1087,,,,,,,упаков
Галловая кислота,Реактивы и хим. сырье,2450,,,,,,,упаков
Диметилглиоксим ч,Реактивы и хим. сырье,,,,,,,,
Коричная кислота,Реактивы и хим. сырье,,,,,,,,
Хром сернокислый 1-6 водный (III),Реактивы и хим. сырье,1075,,,,,,,упаков
Цирконий окись 4,Реактивы и хим. сырье,,,,,,,,
Герметик 704 силикон белый,Реактивы и хим. сырье,162,,,,,,,упаков
Натрий лимоннокислый 3-х зам.,Реактивы и хим. сырье,,,,,,,,
Натрий лимоннокислый 3-х зам. 5,Реактивы и хим. сырье,,,,,,,,
Циклогексанон,Реактивы и хим. сырье,,,,,,,,
Диоксан (1,Реактивы и хим. сырье,,,,,,,,
Бумага индикаторная универсальная (для рН) Россия,Реактивы и хим. сырье,,,,,,,,
Дифенилкарбазид -1,Реактивы и хим. сырье,750,,,,,,,упаков
Дифенилкарбазид -1,Реактивы и хим. сырье,,,,,,,,
Вакуумная смазка Dow Corning (Molykote) High Vacuum Grease,Реактивы и хим. сырье,,,,,,,,
Натрий хлористый,Реактивы и хим. сырье,95,,,,,,,упаков
Натрий дитионит,Реактивы и хим. сырье,,,,,,,,
Шеллак platina,Реактивы и хим. сырье,2280,,,,,,,упаков
Вольфрам порошок,Реактивы и хим. сырье,920,,,,,,,упаков
Уголь активированный БАУ-А,Реактивы и хим. сырье,,,,,,,,
Гидроксиламин сернокислый,Реактивы и хим. сырье,,,,,,,,
Натрий полиакрилат,Реактивы и хим. сырье,,,,,,,,
Метиламин раствор 38 %,Реактивы и хим. сырье,1280,,,,,,,упаков
Натрий уксуснокислый,Реактивы и хим. сырье,,,,,,,,
Натрий додецилсульфат (лаурилсульфат),Реактивы и хим. сырье,,,,,,,,
Аммоний углекислый кислый,Реактивы и хим. сырье,,,,,,,,
Монохлоруксусная кислота,Реактивы и хим. сырье,293,,,,,,,упаков
Натрий гидроксид чда,Реактивы и хим. сырье,1075,,,,,,,упаков
Натрий лимоннокислый 3-х зам. 2 водный,Реактивы и хим. сырье,,,,,,,,
Натрий альгинат,Реактивы и хим. сырье,1472,,,,,,,упаков
Натрий альгинат,Реактивы и хим. сырье,353,,,,,,,упаков
Натрий фосфорноватистокислый 1-водный,Реактивы и хим. сырье,,,,,,,,
Желатин пищевой П-11/П-140/П-160,Реактивы и хим. сырье,,,,,,,,
Гуаровая камедь - аналог Red Gum и Гуммиарабика,Реактивы и хим. сырье,,,,,,,,
Бумага индикаторная универ. Китай шт,Реактивы и хим. сырье,,,,,,,,
Бумага индикаторная универсальная (для рН) Китай,Реактивы и хим. сырье,,,,,,,,
Пирокатехин,Реактивы и хим. сырье,,,,,,,,
Бумага индикаторная универсальная (для рН) Россия,Реактивы и хим. сырье,,,,,,,,
Шеллак orange,Реактивы и хим. сырье,,,,,,,,
Свинцовый сурик (тетраксид свинца,Реактивы и хим. сырье,,,,,,,,
СТ Трилон Б 0,Реактивы и хим. сырье,877,,,,,,,упаков
Дихлорэтан,Реактивы и хим. сырье,,,,,,,,
Сплав Розе,Реактивы и хим. сырье,384,,,,,,,упаков
Гептан-н,Реактивы и хим. сырье,408,,,,,,,упаков
Кальций металлический упак 0,Реактивы и хим. сырье,1848,,,,,,,упаков
Кальций металлический,Реактивы и хим. сырье,381,,,,,,,упаков
Аммиак водный чда NH4OH в упак 9 кг,Реактивы и хим. сырье,1116,,,,,,,упаков
Натрий азотистокислый,Реактивы и хим. сырье,,,,,,,,
Сплав Розе,Реактивы и хим. сырье,,,,,,,,
Сплав Вуда,Реактивы и хим. сырье,396,,,,,,,упаков
Сплав Вуда,Реактивы и хим. сырье,,,,,,,,
Таурин,Реактивы и хим. сырье,,,,,,,,
Таурин,Реактивы и хим. сырье,90,,,,,,,упаков
Бриллиантовы зеленый,Реактивы и хим. сырье,584,,,,,,,упаков
Натрий гидрид,Реактивы и хим. сырье,7260,,,,,,,упаков
Калий надсернокислый,Реактивы и хим. сырье,,,,,,,,
Калий роданистый,Реактивы и хим. сырье,,,,,,,,
Алюминий сернокислый,Реактивы и хим. сырье,,,,,,,,
Йод кристаллический,Реактивы и хим. сырье,1580,,,,,,,упаков
Уголь активированный БАУ-А-ЛВЗ / БАУ-ЛВ (для ликеро водочных заводов),Реактивы и хим. сырье,,,,,,,,
ПАМ-2 порошок алюминиево-магниевый (фр. 140 мк) 2015 год выпуска!,Реактивы и хим. сырье,,,,,,,,
Натрий сернокислый б/в,Реактивы и хим. сырье,,,,,,,,
"Дрожжи сушеные ""Винные"" 100гр",Реактивы и хим. сырье,105,,,,,,,упаков
"Дрожжи сушеные ""Спиртовые"" 0",Реактивы и хим. сырье,182,,,,,,,упаков
Алюминий порошок серебрянка ПАП-1 Шелехов ГОСТ 5494-95,Реактивы и хим. сырье,,,,,,,,
Свинец окись II,Реактивы и хим. сырье,,,,,,,,
Аллил бромид,Реактивы и хим. сырье,23467,,,,,,,упаков
Натрий диэтилдитиокарбамат-НН,Реактивы и хим. сырье,,,,,,,,
Натрий серноватистокислый 5в,Реактивы и хим. сырье,,,,,,,,
Натрий серноватистокислый 5в,Реактивы и хим. сырье,170,,,,,,,упаков
Калий марганцевокислый (перманганат) Прекурсор 3 таблицы,Реактивы и хим. сырье,,,,,,,,
Калий-натрий виннокислый (тартрат,Реактивы и хим. сырье,,,,,,,,
Ортофосфорная кислота,Реактивы и хим. сырье,,,,,,,,
Муравьиная кислота,Реактивы и хим. сырье,,,,,,,,
Пирокатехин,Реактивы и хим. сырье,,,,,,,,
Третбутилметиловый эфир,Реактивы и хим. сырье,,,,,,,,
Калий углекислый ч/чда имп K2CO3,Реактивы и хим. сырье,,,,,,,,
Калий йодноватокислый,Реактивы и хим. сырье,,,,,,,,
Калий гидроксид,Реактивы и хим. сырье,,,,,,,,
Гексан,Реактивы и хим. сырье,,,,,,,,
Кобальт хлористый,Реактивы и хим. сырье,3640,,,,,,,упаков
Кобальт азотнокислый 6-водн,Реактивы и хим. сырье,1188,,,,,,,упаков
Кокосовое масло РДО,Реактивы и хим. сырье,306,,,,,,,упаков
Пальмовое масло РДО (36-39),Реактивы и хим. сырье,272,,,,,,,упаков
"Магний порошок МГС-99 ""300-500"" (замена Магния Гриньяра)",Реактивы и хим. сырье,,,,,,,,
Вода дистиллированная упак 5 л,Реактивы и хим. сырье,109,,,,,,,упаков
Изопропиловый спирт (Пропанол-2),Реактивы и хим. сырье,,,,,,,,
Ментол натуральный кристаллический,Реактивы и хим. сырье,,,,,,,,
Ментол натуральный кристаллический,Реактивы и хим. сырье,1062.50,,,,,,,упаков
Калий бромистый,Реактивы и хим. сырье,,,,,,,,
Лактоза,Реактивы и хим. сырье,,,,,,,,
Аммоний серноватистокислый,Реактивы и хим. сырье,,,,,,,,
Медь уксуснокислая 1-водная,Реактивы и хим. сырье,,,,,,,,
Натрий фосфорнокислый пиро 10-водн,Реактивы и хим. сырье,,,,,,,,
Калий углекислый ч/чда,Реактивы и хим. сырье,,,,,,,,
Натронная известь,Реактивы и хим. сырье,,,,,,,,
Сульфаниловая кислота,Реактивы и хим. сырье,,,,,,,,
Адипиновая кислота имп,Реактивы и хим. сырье,,,,,,,,
Парафин нефтяной твердый/гранулы,Реактивы и хим. сырье,,,,,,,,
Поливинилхлорид (ПВХ) смола ПВХС-7059М - мелкий порошок,Реактивы и хим. сырье,,,,,,,,
Натрий фосфорнокислый пиро 10-водн,Реактивы и хим. сырье,,,,,,,,
Натрий азотистокислый,Реактивы и хим. сырье,,,,,,,,
Гексахлорэтан,Реактивы и хим. сырье,,,,,,,,
Галловая кислота,Реактивы и хим. сырье,320,,,,,,,упаков
Железо хлористое (III) безводное,Реактивы и хим. сырье,,,,,,,,
Олово гранулированное,Реактивы и хим. сырье,626,,,,,,,упаков
Этиловый эфир чда/хч,Реактивы и хим. сырье,1195,,,,,,,упаков
Натрий серноватистокислый 5в,Реактивы и хим. сырье,219,,,,,,,упаков
Калий йодистый,Реактивы и хим. сырье,,,,,,,,
Метиламин раствор 38 %,Реактивы и хим. сырье,,,,,,,,
Калий дихромат,Реактивы и хим. сырье,,,,,,,,
Диметилглиоксим ч,Реактивы и хим. сырье,,,,,,,,
Аммоний фосфорнокислый 1 зам. (дигидроортофосфат),Реактивы и хим. сырье,,,,,,,,
Этилацетат,Реактивы и хим. сырье,,,,,,,,
Алюмокалиевые квасцы,Реактивы и хим. сырье,,,,,,,,
Люминол,Реактивы и хим. сырье,49900,,,,,,,упаков
Трилон Б,Реактивы и хим. сырье,,,,,,,,
Криолит (алюминий натрий фторид),Реактивы и хим. сырье,,,,,,,,
Бромистоводородная кислота,Реактивы и хим. сырье,,,,,,,,
Винная кислота - DL,Реактивы и хим. сырье,,,,,,,,
Гидроксиламин солянокислый (гидрохлорид),Реактивы и хим. сырье,,,,,,,,
Магний хлористый 6-водный,Реактивы и хим. сырье,277,,,,,,,упаков
Калий гидроксид,Реактивы и хим. сырье,355,,,,,,,упаков
Барий сернокислый,Реактивы и хим. сырье,,,,,,,,
Барий азотнокислый,Реактивы и хим. сырье,,,,,,,,
Аммоний двухромовокислый,Реактивы и хим. сырье,,,,,,,,
Аммоний двухромовокислый,Реактивы и хим. сырье,,,,,,,,
Петролейный эфир 50-70,Реактивы и хим. сырье,,,,,,,,
Аммоний надсернокислый,Реактивы и хим. сырье,,,,,,,,
Калий щавелевокислый 1 водный,Реактивы и хим. сырье,,,,,,,,
Анилин,Реактивы и хим. сырье,,,,,,,,
Цинк гранулированный,Реактивы и хим. сырье,,,,,,,,
Натрий щавелевокислый,Реактивы и хим. сырье,,,,,,,,
Кальций карбид 25/80 марка А,Реактивы и хим. сырье,385,,,,,,,упаков
Диметилсульфоксид,Реактивы и хим. сырье,,,,,,,,
Резорцин,Реактивы и хим. сырье,,,,,,,,
Янтарная кислота,Реактивы и хим. сырье,,,,,,,,
Индол,Реактивы и хим. сырье,3088,,,,,,,упаков
"Кальций азотнокислый б/в марка ""Премиум"" / б/в гранулированный 96%",Реактивы и хим. сырье,,,,,,,,
Целлюлоза микрокристаллическая (М 102) / PH102 от 20 к - по 640 руб,Реактивы и хим. сырье,,,,,,,,
Кальций глюконат,Реактивы и хим. сырье,,,,,,,,
Железо хлорид II (два) 4-водное,Реактивы и хим. сырье,,,,,,,,
Кобальт уксуснокислый II 4-водн,Реактивы и хим. сырье,1635,,,,,,,упаков
Цинк порошок ПЦР-1,Реактивы и хим. сырье,,,,,,,,
Канифоль сосновая,Реактивы и хим. сырье,,,,,,,,
Натрий Карбоксиметилцеллюлоза тех,Реактивы и хим. сырье,,,,,,,,
Натрий углекислый ,Реактивы и хим. сырье,,,,,,,,
Уголь активированный БАУ-А,Реактивы и хим. сырье,,,,,,,,
Натрий уксуснокислый 3 водн ч,Реактивы и хим. сырье,,,,,,,,
Пропионовая кислота,Реактивы и хим. сырье,4250,,,,,,,упаков
Натрий дитионит,Реактивы и хим. сырье,,,,,,,,
Аммоний фосфорнокислый 2 зам. ч,Реактивы и хим. сырье,,,,,,,,
Припой ПОС-61,Реактивы и хим. сырье,,,,,,,,
Припой ПОС-61,Реактивы и хим. сырье,,,,,,,,
Никель азотнокислый,Реактивы и хим. сырье,,,,,,,,
Бриллиантовы зеленый,Реактивы и хим. сырье,168,,,,,,,упаков
Бриллиантовы зеленый,Реактивы и хим. сырье,5386,,,,,,,упаков
Калий фосфорнокислый 1-замещенный,Реактивы и хим. сырье,475,,,,,,,упаков
Натрий метилпарабен,Реактивы и хим. сырье,1532,,,,,,,упаков
Натрий углекислый кислый,Реактивы и хим. сырье,,,,,,,,
Гидразин гидрат,Реактивы и хим. сырье,16500,,,,,,,упаков
Натрий перкарбонат,Реактивы и хим. сырье,,,,,,,,
Пальмоядровое масло РДО,Реактивы и хим. сырье,9756,,,,,,,упаков
Краситель Basic Blue 9 (аналог метиленового голубого),Реактивы и хим. сырье,,,,,,,,
Кальций хлористый,Реактивы и хим. сырье,,,,,,,,
Метилэтилкетон,Реактивы и хим. сырье,1090,,,,,,,упаков
Индигокармин,Реактивы и хим. сырье,,,,,,,,
Натрий эриторбат (изоаскорбат),Реактивы и хим. сырье,335,,,,,,,упаков
Натрий азотистокислый ч/чда,Реактивы и хим. сырье,,,,,,,,
Перекись водорода,Реактивы и хим. сырье,3570,,,,,,,упаков
Натрий сернистокислый (сульфит б/в,Реактивы и хим. сырье,,,,,,,,
Масло вакуумное для насосов 4,Реактивы и хим. сырье,3645,,,,,,,упаков
Метол,Реактивы и хим. сырье,,,,,,,,
Аммоний молибденовокислый,Реактивы и хим. сырье,695,,,,,,,упаков
Аммоний молибденовокислый,Реактивы и хим. сырье,,,,,,,,
Шеллак натуральный Lemon One Mashine Made,Реактивы и хим. сырье,,,,,,,,
Шеллак натуральный Lemon One Mashine Made,Реактивы и хим. сырье,,,,,,,,
Алюминий порошок серебрянка ПАП-1 Шелехов,Реактивы и хим. сырье,4620,,,,,,,упаков
2-метоксибензальдегида,Реактивы и хим. сырье,3860,,,,,,,упаков
Аммоний фтористый кислый,Реактивы и хим. сырье,,,,,,,,
Пропионовая кислота,Реактивы и хим. сырье,,,,,,,,
Барий сернокислый,Реактивы и хим. сырье,253,,,,,,,упаков
Изопропиловый спирт,Реактивы и хим. сырье,4060,,,,,,,упаков
Метилен хлористый ч,Реактивы и хим. сырье,2590,,,,,,,упаков
Бутиловый спирт,Реактивы и хим. сырье,,,,,,,,
Метилпирролидон,Реактивы и хим. сырье,,,,,,,,
Муравьиная кислота,Реактивы и хим. сырье,292,,,,,,,упаков
Пропиленгликоль (моно) Германия,Реактивы и хим. сырье,4200,,,,,,,упаков
Бензол,Реактивы и хим. сырье,485,,,,,,,упаков
Яблочная кислота DL,Реактивы и хим. сырье,,,,,,,,
Трилон Б,Реактивы и хим. сырье,,,,,,,,
Идитол (СФ-0112) смола фенол-формальдегидная,Реактивы и хим. сырье,,,,,,,,
3,Реактивы и хим. сырье,3360,,,,,,,упаков
Сургуч,Реактивы и хим. сырье,,,,,,,,
Ментол натуральный кристаллический,Реактивы и хим. сырье,,,,,,,,
Пентаэритрит,Реактивы и хим. сырье,,,,,,,,
Натрий сернистокислый пиро,Реактивы и хим. сырье,,,,,,,,
Канифоль сосновая,Реактивы и хим. сырье,,,,,,,,
Аминоуксусная кислота,Реактивы и хим. сырье,,,,,,,,
Аммоний перхлорат,Реактивы и хим. сырье,,,,,,,,
Диэтиленгликоль ДЭГ,Реактивы и хим. сырье,310,,,,,,,упаков
Олово двухлористое 2-в.,Реактивы и хим. сырье,,,,,,,,
Натрий азотнокислый (нитрат),Реактивы и хим. сырье,,,,,,,,
Железо хлористое (III) 6 водное,Реактивы и хим. сырье,,,,,,,,
Азотная кислота осч 18-4,Реактивы и хим. сырье,,,,,,,,
Циклогексан,Реактивы и хим. сырье,1056,,,,,,,упаков
Цинк гранулированный,Реактивы и хим. сырье,,,,,,,,
Щавелевая кислота,Реактивы и хим. сырье,,,,,,,,
Цинк окись,Реактивы и хим. сырье,,,,,,,,
Ортофосфорная кислота,Реактивы и хим. сырье,,,,,,,,
Аммоний железо III цитрат зеленый (Железо лимонноамиачное зеленое),Реактивы и хим. сырье,1065,,,,,,,упаков
Диметилсульфоксид,Реактивы и хим. сырье,1130,,,,,,,упаков
Таннин (танин),Реактивы и хим. сырье,,,,,,,,
Калий йодистый,Реактивы и хим. сырье,1046,,,,,,,упаков
Стронций азотнокислый тех,Реактивы и хим. сырье,,,,,,,,
Трифторуксусная кислота,Реактивы и хим. сырье,17258,,,,,,,упаков
Кремний кусковой Кр0,Реактивы и хим. сырье,,,,,,,,
Кальций углекислый,Реактивы и хим. сырье,,,,,,,,
Бензотриазол 1,Реактивы и хим. сырье,,,,,,,,
Никель хлористый 6-водный,Реактивы и хим. сырье,,,,,,,,
Натрий бромистый,Реактивы и хим. сырье,,,,,,,,
Пентаэритрит,Реактивы и хим. сырье,,,,,,,,
Клей БФ-2,Реактивы и хим. сырье,476,,,,,,,упаков
Шеллак натуральный Lemon One Mashine Made,Реактивы и хим. сырье,,,,,,,,
Железо сернистое 2,Реактивы и хим. сырье,,,,,,,,
Фенол,Реактивы и хим. сырье,,,,,,,,
Тиомочевина,Реактивы и хим. сырье,,,,,,,,
Ксилол-орто,Реактивы и хим. сырье,,,,,,,,
Кальций хлористый,Реактивы и хим. сырье,,,,,,,,
Метилпирролидон,Реактивы и хим. сырье,,,,,,,,
Бензиловый спирт чда,Реактивы и хим. сырье,5513,,,,,,,упаков
Бензиловый спирт чда,Реактивы и хим. сырье,,,,,,,,
Вазелин упак 100 г,Реактивы и хим. сырье,95,,,,,,,упаков
Натрий азотнокислый,Реактивы и хим. сырье,,,,,,,,
Калий фосфорнокислый 1-замещенный,Реактивы и хим. сырье,,,,,,,,
Формамид,Реактивы и хим. сырье,1674,,,,,,,упаков
Воск озокерит,Реактивы и хим. сырье,,,,,,,,
Тетрагидрофуран (ТГФ),Реактивы и хим. сырье,,,,,,,,
Декстрин кукурузный в/с,Реактивы и хим. сырье,,,,,,,,
Аммоний углекислый,Реактивы и хим. сырье,,,,,,,,
Алюмоаммонийные квасцы,Реактивы и хим. сырье,,,,,,,,
Натрий селенистокислый (селенит) уп 0,Реактивы и хим. сырье,1360,,,,,,,упаков
Алюминий азотнокислый 9 водн,Реактивы и хим. сырье,,,,,,,,
Хлорамин Б,Реактивы и хим. сырье,490,,,,,,,упаков
Хлорамин Б,Реактивы и хим. сырье,162,,,,,,,упаков
Бутилцеллозольв (Бутилгликоль),Реактивы и хим. сырье,3555,,,,,,,упаков
Бумага оберточная 84 см 45 гр/м кв,Реактивы и хим. сырье,,,,,,,,
Перекись водорода,Реактивы и хим. сырье,2700,,,,,,,упаков
Масло вакуумное для насосов РФ,Реактивы и хим. сырье,1420,,,,,,,упаков
Соль Мажеф,Реактивы и хим. сырье,,,,,,,,
Этилцеллозольв (2-этоксиэтанол),Реактивы и хим. сырье,,,,,,,,
Кальций сернокислый 2 водный,Реактивы и хим. сырье,,,,,,,,
Уголь активированный кокосовый,Реактивы и хим. сырье,,,,,,,,
Алюминий гидроокись,Реактивы и хим. сырье,760,,,,,,,упаков
Алюминий гидроокись,Реактивы и хим. сырье,,,,,,,,
Лимонен-D,Реактивы и хим. сырье,10920,,,,,,,упаков
Лимонен-D,Реактивы и хим. сырье,1408,,,,,,,упаков
Ацетоуксусный эфир,Реактивы и хим. сырье,1790,,,,,,,упаков
Аммоний железо (2) сернокислый (соль Мора),Реактивы и хим. сырье,,,,,,,,
Морфолин,Реактивы и хим. сырье,,,,,,,,
Лакмоид,Реактивы и хим. сырье,480,,,,,,,упаков
Тимолфталеин,Реактивы и хим. сырье,16198,,,,,,,упаков
Магний порошок-Стружка МГС-99,Реактивы и хим. сырье,,,,,,,,
Барий хлористый,Реактивы и хим. сырье,,,,,,,,
Бумага индикаторная лакмусовая СИНЯЯ Китай новая туба 1 шт,Реактивы и хим. сырье,,,,,,,,
Родамин С (родамин В) имп,Реактивы и хим. сырье,,,,,,,,
Родамин С (родамин В) имп,Реактивы и хим. сырье,,,,,,,,
Сульфосалициловая кислота,Реактивы и хим. сырье,,,,,,,,
Нигрозин спирторастворимый,Реактивы и хим. сырье,,,,,,,,
Агар - агар IT - 900,Реактивы и хим. сырье,1730,,,,,,,упаков
Пальмоядровое масло РДО (Рафинированное дезодорированное отбеленное),Реактивы и хим. сырье,,,,,,,,
Железо порошок ПЖР 3.200.28,Реактивы и хим. сырье,349,,,,,,,упаков
Азотная кислота хч,Реактивы и хим. сырье,938,,,,,,,упаков
Уранин А (индикатор Флуоресцеин Натрия),Реактивы и хим. сырье,,,,,,,,
Фосфор красный,Реактивы и хим. сырье,600,,,,,,,упаков
Железо порошок ПЖР 3.200.28,Реактивы и хим. сырье,426,,,,,,,упаков
Марганец двухлористый 4-водный,Реактивы и хим. сырье,865,,,,,,,упаков
Калий марганцевокислый (перманганат),Реактивы и хим. сырье,155,,,,,,,упаков
Бутилацетат,Реактивы и хим. сырье,,,,,,,,
Кальций карбид 25/80 марка А,Реактивы и хим. сырье,,,,,,,,
Аскорбиновая кислота BP2001/USP32,Реактивы и хим. сырье,790,,,,,,,упаков
Олеиновая кислота,Реактивы и хим. сырье,,,,,,,,
Толуолсульфокислота-пара,Реактивы и хим. сырье,,,,,,,,
Бромбензол (1,Реактивы и хим. сырье,,,,,,,,
Масло вакуумное для насосов 0,Реактивы и хим. сырье,598,,,,,,,упаков
Серная кислота,Реактивы и хим. сырье,,,,,,,,
Лимонная кислота пищ 1-водная,Реактивы и хим. сырье,,,,,,,,
Бром,Реактивы и хим. сырье,,,,,,,,
Бром,Реактивы и хим. сырье,,,,,,,,
Пропионилхлорид,Реактивы и хим. сырье,32409,,,,,,,упаков
Дифениламин,Реактивы и хим. сырье,,,,,,,,
Шеллак натуральный Lemon One Mashine Made,Реактивы и хим. сырье,,,,,,,,
Натрий вольфрамовокислый 2 водный,Реактивы и хим. сырье,6642,,,,,,,упаков
Гидразин солянокислый,Реактивы и хим. сырье,,,,,,,,
Глицерин дистиллированный 99,Реактивы и хим. сырье,1044,,,,,,,упаков
Олово сернокислое,Реактивы и хим. сырье,,,,,,,,
Касторовое масло,Реактивы и хим. сырье,419,,,,,,,упаков
4-Метоксибензальдегид (Анисовый альдегид),Реактивы и хим. сырье,,,,,,,,
Трилон EDTA-4Na тетранатриевая соль,Реактивы и хим. сырье,,,,,,,,
Бутиловый спирт-2,Реактивы и хим. сырье,,,,,,,,
Аммоний железо III цитрат зеленый (Железо лимонноамиачное зеленое),Реактивы и хим. сырье,3470,,,,,,,упаков
Марганец IV окись 79-80 % (двуокись),Реактивы и хим. сырье,,,,,,,,
Литий алюминий гидрид (алюмогидрид лития),Реактивы и хим. сырье,32100,,,,,,,упаков
Литий алюминий гидрид (алюмогидрид лития),Реактивы и хим. сырье,,,,,,,,
Формамид,Реактивы и хим. сырье,,,,,,,,
Соляная кислота,Реактивы и хим. сырье,,,,,,,,
Паста ГОИ №4,Реактивы и хим. сырье,,,,,,,,
Уротропин техн марка С от 5 кг,Реактивы и хим. сырье,,,,,,,,
Ацетонитрил,Реактивы и хим. сырье,,,,,,,,
Натрий сернистокислый пиро,Реактивы и хим. сырье,,,,,,,,
Муравьиная кислота,Реактивы и хим. сырье,262,,,,,,,упаков
Вазелин мед. от 10 кг (фас 1,Реактивы и хим. сырье,,,,,,,,
Медь порошок (порошок медный электролитический ПМС-1 ГОСТ 4960-2017,Реактивы и хим. сырье,,,,,,,,
Медь порошок (порошок медный электролитический ПМС-1 ГОСТ 4960-2017,Реактивы и хим. сырье,1465,,,,,,,упаков
Натрий хлорнокислый (перхлорат) 1-водный,Реактивы и хим. сырье,,,,,,,,
Натрий тетраборнокислый 10-водный (бура),Реактивы и хим. сырье,,,,,,,,
Аммоний уксуснокислый,Реактивы и хим. сырье,,,,,,,,
Никель уксуснокислый,Реактивы и хим. сырье,,,,,,,,
Калий железистосинеродистый,Реактивы и хим. сырье,,,,,,,,
Гептан,Реактивы и хим. сырье,,,,,,,,
Никель углекислый основной,Реактивы и хим. сырье,,,,,,,,
Канифоль сосновая,Реактивы и хим. сырье,,,,,,,,
Стронций сернокислый,Реактивы и хим. сырье,,,,,,,,
Хромокалиевые квасцы,Реактивы и хим. сырье,,,,,,,,
Калий перхлорат,Реактивы и хим. сырье,,,,,,,,
Натрий двухромовокислый,Реактивы и хим. сырье,,,,,,,,
Калий бромистый,Реактивы и хим. сырье,,,,,,,,
Висмут металлический в гранулах,Реактивы и хим. сырье,550,,,,,,,упаков
Аммоний хлористый,Реактивы и хим. сырье,,,,,,,,
Дибутилфталат,Реактивы и хим. сырье,,,,,,,,
Литий гидроокись 1-водная,Реактивы и хим. сырье,2685,,,,,,,упаков
Декстрин кукурузный в/с,Реактивы и хим. сырье,1055,,,,,,,упаков
Цинк сернокислый 7-водный,Реактивы и хим. сырье,,,,,,,,
Фосфор 5 окись (фосфорный ангидрид),Реактивы и хим. сырье,695,,,,,,,упаков
Сера порошок гранулированная,Реактивы и хим. сырье,,,,,,,,
Свинец углекислый,Реактивы и хим. сырье,679,,,,,,,упаков
ПАМ-4 порошок алюминиево-магниевый,Реактивы и хим. сырье,,,,,,,,
Идитол (СФ-0112) смола фенол-формальдегидная,Реактивы и хим. сырье,,,,,,,,
Диоксан (1,Реактивы и хим. сырье,9510,,,,,,,упаков
Глицерин дистиллированный 99,Реактивы и хим. сырье,,,,,,,,
Бензол,Реактивы и хим. сырье,,,,,,,,
Бензойная кислота,Реактивы и хим. сырье,,,,,,,,
Аммоний сернокислый,Реактивы и хим. сырье,,,,,,,,
Аммоний муравьинокислый (формиат),Реактивы и хим. сырье,,,,,,,,
Алюминий порошок ПА-1 (гранулы различимы),Реактивы и хим. сырье,,,,,,,,
Алюминий гранулированный,Реактивы и хим. сырье,,,,,,,,
Имидазол (имп.),Реактивы и хим. сырье,,,,,,,,
Имидазол (имп.),Реактивы и хим. сырье,,,,,,,,
Имидазол (имп) 100 гр.,Реактивы и хим. сырье,,,,,,,,
Изопропанол (Пропанол-2) для ВЭЖХ и спектроскопии 2,Реактивы и хим. сырье,,,,,,,,
Полиэтилен гранулы,Реактивы и хим. сырье,,,,,,,,
Анилин сернокислый,Реактивы и хим. сырье,,,,,,,,
Диоксид кремния аморфный КОВЕЛОС R902,Реактивы и хим. сырье,,,,,,,,
Бутанол-трет,Реактивы и хим. сырье,,,,,,,,
Железо азотнокислое (III) 9-водное,Реактивы и хим. сырье,,,,,,,,
Цинк пыль,Реактивы и хим. сырье,580,,,,,,,упаков
Бутиламин,Реактивы и хим. сырье,,,,,,,,
Литий азотнокислый безводный,Реактивы и хим. сырье,,,,,,,,
Литий азотнокислый (нитрат) безводный,Реактивы и хим. сырье,,,,,,,,
Натрий сернистокислый пиро,Реактивы и хим. сырье,,,,,,,,
Буферный раствор pH 7.0 TRIS Hydrochloride,Реактивы и хим. сырье,,,,,,,,
Пантенол-Д 75w,Реактивы и хим. сырье,650,,,,,,,упаков
Глицерин,Реактивы и хим. сырье,570,,,,,,,упаков
Сольвент каменноугльный,Реактивы и хим. сырье,,,,,,,,
Диэтиламин солянокислый,Реактивы и хим. сырье,425,,,,,,,упаков
Калий фосфорнокислый 3-замещенный 7-водный,Реактивы и хим. сырье,,,,,,,,
Аминогуанидин сернокислый 1-в,Реактивы и хим. сырье,,,,,,,,
Хромовый Ангидрид тех,Реактивы и хим. сырье,,,,,,,,
Хромовый ангидрид (хром VI окись),Реактивы и хим. сырье,965,,,,,,,упаков
Фенилэтиловый спирт,Реактивы и хим. сырье,690,,,,,,,упаков
Ксилол-орто,Реактивы и хим. сырье,3250,,,,,,,упаков
Цинк хлористый,Реактивы и хим. сырье,2980,,,,,,,упаков
Калий фтористый кислый,Реактивы и хим. сырье,355,,,,,,,упаков
Акриламид,Реактивы и хим. сырье,3860,,,,,,,упаков
Тетраметиламмония гидроксид 2,Реактивы и хим. сырье,,,,,,,,
Силикагель КСМГ,Реактивы и хим. сырье,,,,,,,,
Акриламид,Реактивы и хим. сырье,465,,,,,,,упаков
Малеиновый ангидрид,Реактивы и хим. сырье,,,,,,,,
Дибутилбутанфосфонат,Реактивы и хим. сырье,160,,,,,,,упаков
Йодноватый ангидрид (пятиокись йода),Реактивы и хим. сырье,,,,,,,,
Аммоний кремнефтористый,Реактивы и хим. сырье,,,,,,,,
Кобальт стеариновокислый 9,Реактивы и хим. сырье,,,,,,,,
Натрий 2-меркаптоэтансульфонат,Реактивы и хим. сырье,3860,,,,,,,упаков
Калий лимоннокислый 1-водный,Реактивы и хим. сырье,,,,,,,,
Фурфурол ч,Реактивы и хим. сырье,3173,,,,,,,упаков
Кизельгур (диатомит) Dicalite Speedplus,Реактивы и хим. сырье,190,,,,,,,упаков
Магний окись Honeywell,Реактивы и хим. сырье,850,,,,,,,упаков
Дитиотреитол,Реактивы и хим. сырье,1160,,,,,,,упаков
Сефароза CNBr-активированная 4B,Реактивы и хим. сырье,,,,,,,,
Шеллак хлопья,Реактивы и хим. сырье,,,,,,,,
Гидроксиэтилцеллюлоза Китай,Реактивы и хим. сырье,32000,,,,,,,упаков
Гидроксиэтилцеллюлоза Китай,Реактивы и хим. сырье,360,,,,,,,упаков
Поливинилпирролидон К-13-19,Реактивы и хим. сырье,460,,,,,,,упаков
Калий йоднокислый,Реактивы и хим. сырье,660,,,,,,,упаков
Магний азотнокислый 6 водный,Реактивы и хим. сырье,,,,,,,,
Кальций хлористый 2-водный,Реактивы и хим. сырье,,,,,,,,
Никель азотнокислый ч/чда,Реактивы и хим. сырье,160,,,,,,,упаков
Цинк лимоннокислый 3-водный,Реактивы и хим. сырье,530,,,,,,,упаков
Кальций муравьинокислый (формиат),Реактивы и хим. сырье,,,,,,,,
Калий сернокислый кислый,Реактивы и хим. сырье,,,,,,,,
Перекись водорода,Реактивы и хим. сырье,7650,,,,,,,упаков
Гидроксиэтилцеллюлоза Китай,Реактивы и хим. сырье,1320,,,,,,,упаков
Аэросил (Орисил) А175 диоксид кремний,Реактивы и хим. сырье,490,,,,,,,упаков
Кальций лимоннокислый 4-водный,Реактивы и хим. сырье,,,,,,,,
Перекись водорода,Реактивы и хим. сырье,,,,,,,,
Железо фумарат,Реактивы и хим. сырье,980,,,,,,,упаков
Трис(гидроксиметил)аминометан,Реактивы и хим. сырье,,,,,,,,
Магний оксид,Реактивы и хим. сырье,,,,,,,,
Марганец сернокислый II 1-водный,Реактивы и хим. сырье,,,,,,,,
Натрий сернокислый кислый (гидросульАт) 1 водный,Реактивы и хим. сырье,,,,,,,,
Железо II щавелевокислое 2-водное,Реактивы и хим. сырье,Новинка,,,,,,,упаков
Анилин,Реактивы и хим. сырье,,,,,,,,
Натрий триполифосфат,Реактивы и хим. сырье,,,,,,,,
Кремниевая кислота,Реактивы и хим. сырье,,,,,,,,
Аммоний лимоннокислый 2-замещенный,Реактивы и хим. сырье,,,,,,,,
Хром хлористый (III) 6-водный ч,Реактивы и хим. сырье,,,,,,,,
Притирочная паста 100 г ABRO GP-201-R (два в одном),Реактивы и хим. сырье,,,,,,,,
Сольвент каменноугольный,Реактивы и хим. сырье,2140,,,,,,,упаков
Триэтаноламин,Реактивы и хим. сырье,,,,,,,,
Фенилантраниловая кислота,Реактивы и хим. сырье,80,,,,,,,упаков
Сероуглерод,Реактивы и хим. сырье,,,,,,,,
Железо пирофосфат РАСПРОДАЖА,Реактивы и хим. сырье,,,,,,,,
Этиллактат-S,Реактивы и хим. сырье,2640,,,,,,,упаков
Кальций фосфорнокислый 2-замещенный,Реактивы и хим. сырье,490,,,,,,,упаков
Йодистоводородная кислота,Реактивы и хим. сырье,27825,,,,,,,упаков
Желатин технический Т,Реактивы и хим. сырье,,,,,,,,
Метиламин раствор 38 % от 988 л (52кан по 19 л),Реактивы и хим. сырье,,,,,,,,
Мурексид,Реактивы и хим. сырье,,,,,,,,
Сернистая кислота,Реактивы и хим. сырье,,,,,,,,
Хлористый водород (хлороводород),Реактивы и хим. сырье,,,,,,,,
Метилмагниййодид,Реактивы и хим. сырье,,,,,,,,
Фенилмагнийбромид,Реактивы и хим. сырье,,,,,,,,
Кремний четырёххлористый,Реактивы и хим. сырье,,,,,,,,
Кремний четырёхбромистый,Реактивы и хим. сырье,,,,,,,,
Фосфор трёххлористый,Реактивы и хим. сырье,26880,,,,,,,упаков
Бумага индикаторная ун (для рН) туба Россия ЭНЕРГОХИМИЯ,Реактивы и хим. сырье,,,,,,,,
Литий металлический,Реактивы и хим. сырье,36500,,,,,,,упаков
Метил йодистый (йодметан),Реактивы и хим. сырье,52348,,,,,,,упаков
Бромистый водород,Реактивы и хим. сырье,,,,,,,,
Ацетилацетон,Реактивы и хим. сырье,,,,,,,,
Фосфор трёхбромистый,Реактивы и хим. сырье,,,,,,,,
Гидроксиэтилцеллюлоза DOW QP 100 MH,Реактивы и хим. сырье,,,,,,,,
Воск эмульсионный (Potassium C16-18 Alkyl Phosphate,Реактивы и хим. сырье,,,,,,,,
Хлорная кислота 60 % 1,Реактивы и хим. сырье,,,,,,,,
Калий йодноватокислый,Реактивы и хим. сырье,1025,,,,,,,упаков
Бромфеноловый синий имп,Реактивы и хим. сырье,709,,,,,,,упаков
Натрий боргидрид,Реактивы и хим. сырье,1495,,,,,,,упаков
Оксиэтилидендифосфоновая кислота (ОЭДФК),Реактивы и хим. сырье,,,,,,,,
Бутилцеллозольв (Бутилгликоль),Реактивы и хим. сырье,,,,,,,,
Натрий сернистокислый кислый имп (бисульфит,Реактивы и хим. сырье,,,,,,,,
Сера порошок молотая,Реактивы и хим. сырье,,,,,,,,
Полиэтиленгликоль ПЭГ- 1500,Реактивы и хим. сырье,,,,,,,,
Кальций гидроокись,Реактивы и хим. сырье,,,,,,,,
Аммиак водный чда NH4OH в литре 0,Реактивы и хим. сырье,,,,,,,,
Метилен хлористый ч,Реактивы и хим. сырье,,,,,,,,
Гидразин сернокислый,Реактивы и хим. сырье,,,,,,,,
Сульфонол (упаковка 250 г) (сульфанол порошкоообразный) - ПАВ,Реактивы и хим. сырье,142,,,,,,,упаков
Этилацетат,Реактивы и хим. сырье,2961,,,,,,,упаков
Натрий уксуснокислый 3в ч (CH3COONa·3H2O) цена за 1 кг от 25 кг (мешок),Реактивы и хим. сырье,,,,,,,,
Гидрохинон,Реактивы и хим. сырье,425,,,,,,,упаков
Калий перхлорат,Реактивы и хим. сырье,,,,,,,,
Натрий фосфорнокислый 3-зам. 12 водный (тринатрийфосфат),Реактивы и хим. сырье,,,,,,,,
Мочевина,Реактивы и хим. сырье,,,,,,,,
Железо сернокислое 2 (купорос жел.),Реактивы и хим. сырье,,,,,,,,
Метансульфоновая кислота 70%,Реактивы и хим. сырье,,,,,,,,
Тетрабромметан очищенный,Реактивы и хим. сырье,2300,,,,,,,упаков
Перекись водорода,Реактивы и хим. сырье,,,,,,,,
Поливиниловый спирт имп Китай,Реактивы и хим. сырье,,,,,,,,
Родамин С (родамин В) имп,Реактивы и хим. сырье,,,,,,,,
Диметилформамид,Реактивы и хим. сырье,,,,,,,,
Нигрозин спирторастворимый,Реактивы и хим. сырье,,,,,,,,
Глутаровый альдегид,Реактивы и хим. сырье,690,,,,,,,упаков
Уранин А (индикатор Флуоресцеин Натрия),Реактивы и хим. сырье,535,,,,,,,упаков
СТ Соляная кислота 0,Реактивы и хим. сырье,,,,,,,,
Азотная кислота хч,Реактивы и хим. сырье,,,,,,,,
Свинец грануллированный,Реактивы и хим. сырье,,,,,,,,
Твин-20 (полисорбат-20) ,Реактивы и хим. сырье,658,,,,,,,упаков
Аммоний уксуснокислый,Реактивы и хим. сырье,,,,,,,,
Натрий полиакрилат,Реактивы и хим. сырье,,,,,,,,
Калий хромовокислый,Реактивы и хим. сырье,,,,,,,,
Натрий фосфорнокислый 1-зам. 2 водный,Реактивы и хим. сырье,,,,,,,,
Нитрометан,Реактивы и хим. сырье,,,,,,,,
Петролейный эфир 50-70 (в литре 0,Реактивы и хим. сырье,,,,,,,,
Натрий молибденовокислый 2 водн,Реактивы и хим. сырье,615,,,,,,,упаков
Гистомикс,Реактивы и хим. сырье,1100,,,,,,,упаков
Парафин Гистомикс,Реактивы и хим. сырье,250,,,,,,,упаков
Натрий глюконат,Реактивы и хим. сырье,,,,,,,,
Гидроксиэтилцеллюлоза NATROSOL 250 HHR,Реактивы и хим. сырье,890,,,,,,,упаков
Галлий металический,Реактивы и хим. сырье,4950,,,,,,,упаков
Кальций стеариновокислый,Реактивы и хим. сырье,,,,,,,,
Хромовый темно-синий,Реактивы и хим. сырье,,,,,,,,
Нигрозин спирторастворимый,Реактивы и хим. сырье,,,,,,,,
Нигрозин спирторастворимый,Реактивы и хим. сырье,,,,,,,,
Натрий полиакрилат,Реактивы и хим. сырье,,,,,,,,
Натрий полиакрилат,Реактивы и хим. сырье,,,,,,,,
Натрий полиакрилат,Реактивы и хим. сырье,,,,,,,,
Натрий полиакрилат,Реактивы и хим. сырье,,,,,,,,
Натрий полиакрилат,Реактивы и хим. сырье,,,,,,,,
Хром окись III тех,Реактивы и хим. сырье,,,,,,,,
Этилендиаминтетрауксусная кислота,Реактивы и хим. сырье,,,,,,,,
Анилин,Реактивы и хим. сырье,525,,,,,,,упаков
Титан порошок ПТМ-1,Реактивы и хим. сырье,1925,,,,,,,упаков
Алюминий хлористый,Реактивы и хим. сырье,10480,,,,,,,упаков
Пропионилхлорид,Реактивы и хим. сырье,11546,,,,,,,упаков
Алюминий порошок ПА-4,Реактивы и хим. сырье,,,,,,,,
Натрий гипохлорит,Реактивы и хим. сырье,,,,,,,,
Медь порошок (порошок медный электролитический ПМС-1 ГОСТ 4960-2017,Реактивы и хим. сырье,,,,,,,,
Изооктан,Реактивы и хим. сырье,1512,,,,,,,упаков
Натрий молибденовокислый 2 водн,Реактивы и хим. сырье,,,,,,,,
Кобальт сернокислый 7-водн,Реактивы и хим. сырье,1238,,,,,,,упаков
Моноэтаноламин,Реактивы и хим. сырье,,,,,,,,
Кальций окись,Реактивы и хим. сырье,,,,,,,,
Шеллак decolorised,Реактивы и хим. сырье,1990,,,,,,,упаков
Гексан,Реактивы и хим. сырье,,,,,,,,
Гидроксиэтилцеллюлоза DOW QP 100 MH,Реактивы и хим. сырье,,,,,,,,
Альбумин сывороточный бычий,Реактивы и хим. сырье,640,,,,,,,упаков
Йод кристаллический,Реактивы и хим. сырье,,,,,,,,
Перхлорэтилен (тетрахлорэтилен),Реактивы и хим. сырье,704,,,,,,,упаков
Ксантановая камедь Rhodopol G,Реактивы и хим. сырье,2700,,,,,,,упаков
Калий хлористый для хранения электродов рН-метров,Реактивы и хим. сырье,,,,,,,,
Таннин (танин),Реактивы и хим. сырье,,,,,,,,
Медь порошок (порошок медный электролитический ПМС-1 ГОСТ 4960-2017,Реактивы и хим. сырье,,,,,,,,
Калий азотнокислый тех (Калиевая селитра,Реактивы и хим. сырье,,,,,,,,
Натрий диэтилдитиокарбамат N,Реактивы и хим. сырье,330,,,,,,,упаков
Натрий диэтилдитиокарбамат N,Реактивы и хим. сырье,2840,,,,,,,упаков
Изопропанол солянокислый,Реактивы и хим. сырье,,,,,,,,
Нигрозин спирторастворимый,Реактивы и хим. сырье,,,,,,,,
Метиламин раствор 38 %,Реактивы и хим. сырье,1420,,,,,,,упаков
Ксантановая камедь Rhodopol G,Реактивы и хим. сырье,215,,,,,,,упаков
Натрий метасиликат,Реактивы и хим. сырье,,,,,,,,
Титан порошок ПТМ-1,Реактивы и хим. сырье,475,,,,,,,упаков
Магний порошок-стружка несорт.,Реактивы и хим. сырье,,,,,,,,
Олеум х.ч. (на заказ 2-4 дня,Реактивы и хим. сырье,19200,,,,,,,упаков
Уксусная кислота лед. 99,Реактивы и хим. сырье,,,,,,,,
Магний углекислый основной,Реактивы и хим. сырье,,,,,,,,
Медь углекислая основная,Реактивы и хим. сырье,,,,,,,,
Сургуч,Реактивы и хим. сырье,,,,,,,,
Натрий Карбоксиметилцеллюлоза,Реактивы и хим. сырье,,,,,,,,
Свинец углекислый основной,Реактивы и хим. сырье,,,,,,,,
Углерод четырехлористый,Реактивы и хим. сырье,904,,,,,,,упаков
Катионит КУ-2-8,Реактивы и хим. сырье,,,,,,,,
Анионит 201х7 (Аналог АВ-17-8),Реактивы и хим. сырье,,,,,,,,
Маннит-D,Реактивы и хим. сырье,1330,,,,,,,упаков
Висмут сернокислый (III) безводный,Реактивы и хим. сырье,3150,,,,,,,упаков
Диоксан солянокислый,Реактивы и хим. сырье,,,,,,,,
Углерод четыерххлористый,Реактивы и хим. сырье,380,,,,,,,упаков
Гексахлорциклотрифосфазен (Фосфонитрил хлорид тример),Реактивы и хим. сырье,,,,,,,,
Цезий металлический,Реактивы и хим. сырье,4350,,,,,,,упаков
Калий фосфорнокислый пиро,Реактивы и хим. сырье,,,,,,,,
Твин-80 (Полисорбат-80),Реактивы и хим. сырье,764,,,,,,,упаков
Бутилацетат,Реактивы и хим. сырье,,,,,,,,
Крахмал водорастворимый,Реактивы и хим. сырье,,,,,,,,
Калий фталевокислый кислый,Реактивы и хим. сырье,,,,,,,,
Силасорб Silasorb 600,Реактивы и хим. сырье,40,,,,,,,упаков
Калий бромноватокислый,Реактивы и хим. сырье,365,,,,,,,упаков
Ксиленоловый оранжевый,Реактивы и хим. сырье,85,,,,,,,упаков
Кобальт сульфаминовокислый,Реактивы и хим. сырье,624,,,,,,,упаков
Никель оксид II черная,Реактивы и хим. сырье,640,,,,,,,упаков
Барий гидроокись,Реактивы и хим. сырье,,,,,,,,
Олово четыреххлористое 5-водное,Реактивы и хим. сырье,5960,,,,,,,упаков
Лакмус,Реактивы и хим. сырье,2460,,,,,,,упаков
Бентонит (глинопорошок для виноделия),Реактивы и хим. сырье,150,,,,,,,упаков
Олово сернокислое,Реактивы и хим. сырье,660,,,,,,,упаков
Никель оксид III (Ni2O3) серая,Реактивы и хим. сырье,208,,,,,,,упаков
Диоксан солянокислый,Реактивы и хим. сырье,6200,,,,,,,упаков
Коллодий,Реактивы и хим. сырье,4430,,,,,,,упаков
Стеариновая кислота,Реактивы и хим. сырье,,,,,,,,
Паста ГОИ №1,Реактивы и хим. сырье,,,,,,,,
Плавиковая (фтористоводородная) кислота,Реактивы и хим. сырье,,,,,,,,
Шеллак обезвощенный отбеленный(DBS),Реактивы и хим. сырье,,,,,,,,
Аммоний ванадиевокислый мета,Реактивы и хим. сырье,940,,,,,,,упаков
Этилендиамин,Реактивы и хим. сырье,2484,,,,,,,упаков
Бромистоводородная кислота,Реактивы и хим. сырье,,,,,,,,
Сплав Розе,Реактивы и хим. сырье,,,,,,,,
Вазелиновое масло 0,Реактивы и хим. сырье,,,,,,,,
Хлорная кислота 70 % фас 1,Реактивы и хим. сырье,,,,,,,,
Серная кислота 1,Реактивы и хим. сырье,,,,,,,,
Железо глюконат CAS 22830-45-1,Реактивы и хим. сырье,980,,,,,,,упаков
Медь хромит,Реактивы и хим. сырье,1400,,,,,,,упаков
Тетраметиламмоний гидроксид,Реактивы и хим. сырье,,,,,,,,
Калий сурьмяновиннокислый,Реактивы и хим. сырье,1620,,,,,,,упаков
Никель оксид II (NiO) черная,Реактивы и хим. сырье,4840,,,,,,,упаков
Ванадий окись V,Реактивы и хим. сырье,496,,,,,,,упаков
Нитроанилин-пара,Реактивы и хим. сырье,525,,,,,,,упаков
Магний стеариновокислый,Реактивы и хим. сырье,,,,,,,,
Кадмий уксуснокислый,Реактивы и хим. сырье,,,,,,,,
Кадмий сернокислый,Реактивы и хим. сырье,,,,,,,,
4-фторбензальдегид,Реактивы и хим. сырье,9500,,,,,,,упаков
4-фторбензальдегид,Реактивы и хим. сырье,4900,,,,,,,упаков
Изопропанол солянокислый,Реактивы и хим. сырье,,,,,,,,
Полистирол ПСВ-С сорт первый,Реактивы и хим. сырье,,,,,,,,
Натрий сернистый,Реактивы и хим. сырье,,,,,,,,
Свинец уксуснокислый,Реактивы и хим. сырье,,,,,,,,
Аурамин О,Реактивы и хим. сырье,250,,,,,,,упаков
Салициловый альдегид,Реактивы и хим. сырье,2460,,,,,,,упаков
Натрий нитропруссидный,Реактивы и хим. сырье,,,,,,,,
Краситель Basic Blue 9 (аналог метиленового голубого),Реактивы и хим. сырье,,,,,,,,
Фосфорномолибденовая кислота,Реактивы и хим. сырье,1190,,,,,,,упаков
Медь окись II гранулл. упак 0,Реактивы и хим. сырье,1065,,,,,,,упаков
Алюминий молибденовокислый,Реактивы и хим. сырье,845,,,,,,,упаков
Литий сернокислый 1 водный,Реактивы и хим. сырье,616,,,,,,,упаков
Дифениламин имп,Реактивы и хим. сырье,,,,,,,,
Реактив Гриньяра,Реактивы и хим. сырье,,,,,,,,
Бентонит (глинопорошок для виноделия),Реактивы и хим. сырье,520,,,,,,,упаков
Аммоний щавелевокислый,Реактивы и хим. сырье,,,,,,,,
Диоксан солянокислый,Реактивы и хим. сырье,3750,,,,,,,упаков
4-метилбензальдегид,Реактивы и хим. сырье,13853,,,,,,,упаков
СТ Натрий гидроокись 0,Реактивы и хим. сырье,,,,,,,,
Свинец окись II,Реактивы и хим. сырье,,,,,,,,
Фенол,Реактивы и хим. сырье,,,,,,,,
Стирол,Реактивы и хим. сырье,,,,,,,,
Бромкрезоловый пурпуровый,Реактивы и хим. сырье,880,,,,,,,упаков
Натрий фосфорновольфрамовокислый,Реактивы и хим. сырье,,,,,,,,
Титан Карбид,Реактивы и хим. сырье,2650,,,,,,,упаков
Бензиловый оранжевый,Реактивы и хим. сырье,3850,,,,,,,упаков
Ксилол-орто,Реактивы и хим. сырье,,,,,,,,
Аммоний пирролидиндитиокарбамат pa Fluka,Реактивы и хим. сырье,6350,,,,,,,упаков
Хлорная кислота,Реактивы и хим. сырье,,,,,,,,
Олово четыреххлористое БЕЗВОДНОЕ,Реактивы и хим. сырье,,,,,,,,
Свинец диэтилдитиокарбомат,Реактивы и хим. сырье,,,,,,,,
Сурьма окись (V),Реактивы и хим. сырье,480,,,,,,,упаков
2,Реактивы и хим. сырье,11976,,,,,,,упаков
Алюминий листовой А5М,Реактивы и хим. сырье,,,,,,,,
Хром карбид,Реактивы и хим. сырье,2160,,,,,,,упаков
2,Реактивы и хим. сырье,2650,,,,,,,упаков
Сплав Деварда,Реактивы и хим. сырье,180,,,,,,,упаков
Кальций гидрид,Реактивы и хим. сырье,,,,,,,,
Метил йодистый (йодметан),Реактивы и хим. сырье,6330,,,,,,,упаков
Теллур IV окись,Реактивы и хим. сырье,,,,,,,,
ПОПОП 1,Реактивы и хим. сырье,,,,,,,,
Кальций гидрид,Реактивы и хим. сырье,4637.50,,,,,,,упаков
Кремний монокристаллический,Реактивы и хим. сырье,,,,,,,,
Цезий сернокислый кислый,Реактивы и хим. сырье,4360,,,,,,,упаков
Фурфурол с хранения,Реактивы и хим. сырье,1320,,,,,,,упаков
Алюминий окись для хроматографии,Реактивы и хим. сырье,1232,,,,,,,упаков
Цезий сернокислый кислый,Реактивы и хим. сырье,980,,,,,,,упаков
Трихлоруксусная кислота,Реактивы и хим. сырье,,,,,,,,
Толуол,Реактивы и хим. сырье,,,,,,,,
Свинец сернокислый,Реактивы и хим. сырье,445,,,,,,,упаков
Медь гидроокись II,Реактивы и хим. сырье,3840,,,,,,,упаков
Трихлоруксусная кислота,Реактивы и хим. сырье,,,,,,,,
Алюминон,Реактивы и хим. сырье,,,,,,,,
Бутиламин-1,Реактивы и хим. сырье,3940,,,,,,,упаков
Сухое горючее,Реактивы и хим. сырье,,,,,,,,
Мочевина,Реактивы и хим. сырье,128,,,,,,,упаков
Бензилбензоат,Реактивы и хим. сырье,9600,,,,,,,упаков
Магнезон ХС,Реактивы и хим. сырье,40,,,,,,,упаков
Алюминий хлористый 6- водный,Реактивы и хим. сырье,815,,,,,,,упаков
Алюминий хлористый 6- водный,Реактивы и хим. сырье,1518,,,,,,,упаков
Аммоний фосфорномолибдновокислый,Реактивы и хим. сырье,315,,,,,,,упаков
Тимол,Реактивы и хим. сырье,540,,,,,,,упаков
Трипановый синий,Реактивы и хим. сырье,540,,,,,,,упаков
Калий сернокислый пиро,Реактивы и хим. сырье,,,,,,,,
Изоамиловый спирт,Реактивы и хим. сырье,,,,,,,,
Натрий селенистокислый кислый,Реактивы и хим. сырье,,,,,,,,
Нигрозин спирторастворимый,Реактивы и хим. сырье,,,,,,,,
Бензилбензоат,Реактивы и хим. сырье,570,,,,,,,упаков
Дифениламин имп,Реактивы и хим. сырье,2900,,,,,,,упаков
Бентонит (глинопорошок для виноделия),Реактивы и хим. сырье,1985,,,,,,,упаков
Калий дихромат,Реактивы и хим. сырье,,,,,,,,
Уранин А (индикатор,Реактивы и хим. сырье,,,,,,,,
